Species,Disease_presence_peptide,Disease,CDR3,Uniqueness,n_unique_peptides
Human,1,AChR-MG,No,1,1315161
Human,1,AChR-MG,No,2,122413
Human,1,AChR-MG,No,3,65737
Human,1,AChR-MG,No,4,38106
Human,1,AChR-MG,No,5,23478
Human,1,AChR-MG,No,6,15174
Human,1,AChR-MG,No,7,10099
Human,1,AChR-MG,No,8,7097
Human,1,AChR-MG,No,9,5340
Human,1,AChR-MG,No,10,4263
Human,1,AChR-MG,No,>10,28310
Human,1,AChR-MG,Yes,1,21316
Human,1,AChR-MG,Yes,2,7006
Human,1,AChR-MG,Yes,3,4367
Human,1,AChR-MG,Yes,4,2640
Human,1,AChR-MG,Yes,5,1572
Human,1,AChR-MG,Yes,6,1065
Human,1,AChR-MG,Yes,7,709
Human,1,AChR-MG,Yes,8,503
Human,1,AChR-MG,Yes,9,357
Human,1,AChR-MG,Yes,10,289
Human,1,AChR-MG,Yes,>10,2369
Human,2,AChR-MG,No,1,63
Human,2,AChR-MG,No,2,85184
Human,2,AChR-MG,No,3,27323
Human,2,AChR-MG,No,4,13839
Human,2,AChR-MG,No,5,8624
Human,2,AChR-MG,No,6,5508
Human,2,AChR-MG,No,7,3942
Human,2,AChR-MG,No,8,2881
Human,2,AChR-MG,No,9,2123
Human,2,AChR-MG,No,10,1615
Human,2,AChR-MG,No,>10,11477
Human,2,AChR-MG,Yes,1,1
Human,2,AChR-MG,Yes,2,1513
Human,2,AChR-MG,Yes,3,988
Human,2,AChR-MG,Yes,4,721
Human,2,AChR-MG,Yes,5,528
Human,2,AChR-MG,Yes,6,377
Human,2,AChR-MG,Yes,7,274
Human,2,AChR-MG,Yes,8,228
Human,2,AChR-MG,Yes,9,186
Human,2,AChR-MG,Yes,10,114
Human,2,AChR-MG,Yes,>10,907
Human,3,AChR-MG,No,2,10
Human,3,AChR-MG,No,3,24922
Human,3,AChR-MG,No,4,16324
Human,3,AChR-MG,No,5,11057
Human,3,AChR-MG,No,6,7951
Human,3,AChR-MG,No,7,5939
Human,3,AChR-MG,No,8,4559
Human,3,AChR-MG,No,9,3525
Human,3,AChR-MG,No,10,2774
Human,3,AChR-MG,No,>10,20144
Human,3,AChR-MG,Yes,2,1
Human,3,AChR-MG,Yes,3,413
Human,3,AChR-MG,Yes,4,446
Human,3,AChR-MG,Yes,5,372
Human,3,AChR-MG,Yes,6,313
Human,3,AChR-MG,Yes,7,254
Human,3,AChR-MG,Yes,8,221
Human,3,AChR-MG,Yes,9,176
Human,3,AChR-MG,Yes,10,146
Human,3,AChR-MG,Yes,>10,1147
Human,4,AChR-MG,No,3,4
Human,4,AChR-MG,No,4,7389
Human,4,AChR-MG,No,5,8109
Human,4,AChR-MG,No,6,7103
Human,4,AChR-MG,No,7,6019
Human,4,AChR-MG,No,8,5144
Human,4,AChR-MG,No,9,4210
Human,4,AChR-MG,No,10,3576
Human,4,AChR-MG,No,>10,31388
Human,4,AChR-MG,Yes,4,146
Human,4,AChR-MG,Yes,5,149
Human,4,AChR-MG,Yes,6,161
Human,4,AChR-MG,Yes,7,184
Human,4,AChR-MG,Yes,8,176
Human,4,AChR-MG,Yes,9,147
Human,4,AChR-MG,Yes,10,139
Human,4,AChR-MG,Yes,>10,1518
Human,5,AChR-MG,No,5,2219
Human,5,AChR-MG,No,6,3232
Human,5,AChR-MG,No,7,3617
Human,5,AChR-MG,No,8,3485
Human,5,AChR-MG,No,9,3423
Human,5,AChR-MG,No,10,3122
Human,5,AChR-MG,No,>10,40348
Human,5,AChR-MG,Yes,5,42
Human,5,AChR-MG,Yes,6,71
Human,5,AChR-MG,Yes,7,80
Human,5,AChR-MG,Yes,8,91
Human,5,AChR-MG,Yes,9,95
Human,5,AChR-MG,Yes,10,94
Human,5,AChR-MG,Yes,>10,1710
Human,6,AChR-MG,No,6,601
Human,6,AChR-MG,No,7,1129
Human,6,AChR-MG,No,8,1553
Human,6,AChR-MG,No,9,1845
Human,6,AChR-MG,No,10,1855
Human,6,AChR-MG,No,>10,44843
Human,6,AChR-MG,Yes,6,11
Human,6,AChR-MG,Yes,7,20
Human,6,AChR-MG,Yes,8,34
Human,6,AChR-MG,Yes,9,38
Human,6,AChR-MG,Yes,10,42
Human,6,AChR-MG,Yes,>10,1814
Human,7,AChR-MG,No,7,158
Human,7,AChR-MG,No,8,366
Human,7,AChR-MG,No,9,543
Human,7,AChR-MG,No,10,742
Human,7,AChR-MG,No,>10,44550
Human,7,AChR-MG,Yes,7,2
Human,7,AChR-MG,Yes,8,2
Human,7,AChR-MG,Yes,9,10
Human,7,AChR-MG,Yes,10,17
Human,7,AChR-MG,Yes,>10,1661
Human,8,AChR-MG,No,8,20
Human,8,AChR-MG,No,9,101
Human,8,AChR-MG,No,10,183
Human,8,AChR-MG,No,>10,41368
Human,8,AChR-MG,Yes,8,2
Human,8,AChR-MG,Yes,9,3
Human,8,AChR-MG,Yes,10,4
Human,8,AChR-MG,Yes,>10,1557
Human,9,AChR-MG,No,9,3
Human,9,AChR-MG,No,10,21
Human,9,AChR-MG,No,>10,37294
Human,9,AChR-MG,Yes,>10,1411
Human,10,AChR-MG,No,10,2
Human,10,AChR-MG,No,>10,33809
Human,10,AChR-MG,Yes,>10,1338
Human,11,AChR-MG,No,>10,30998
Human,11,AChR-MG,Yes,>10,1153
Human,12,AChR-MG,No,>10,28656
Human,12,AChR-MG,Yes,>10,1125
Human,13,AChR-MG,No,>10,25718
Human,13,AChR-MG,Yes,>10,1040
Human,14,AChR-MG,No,>10,23647
Human,14,AChR-MG,Yes,>10,1068
Human,15,AChR-MG,No,>10,20776
Human,15,AChR-MG,Yes,>10,981
Human,16,AChR-MG,No,>10,18399
Human,16,AChR-MG,Yes,>10,1075
Human,17,AChR-MG,No,>10,15845
Human,17,AChR-MG,Yes,>10,986
Human,18,AChR-MG,No,>10,12580
Human,18,AChR-MG,Yes,>10,759
Human,19,AChR-MG,No,>10,10400
Human,19,AChR-MG,Yes,>10,712
Human,20,AChR-MG,No,>10,7634
Human,20,AChR-MG,Yes,>10,696
Human,21,AChR-MG,No,>10,3497
Human,21,AChR-MG,Yes,>10,425
Human,22,AChR-MG,No,>10,1258
Human,22,AChR-MG,Yes,>10,217
Human,23,AChR-MG,No,>10,328
Human,23,AChR-MG,Yes,>10,90
Human,24,AChR-MG,No,>10,46
Human,24,AChR-MG,Yes,>10,20
Human,1,Allergic-Rhinitis-In-Season,No,1,32615
Human,1,Allergic-Rhinitis-In-Season,No,2,4086
Human,1,Allergic-Rhinitis-In-Season,No,3,1245
Human,1,Allergic-Rhinitis-In-Season,No,4,591
Human,1,Allergic-Rhinitis-In-Season,No,5,347
Human,1,Allergic-Rhinitis-In-Season,No,6,181
Human,1,Allergic-Rhinitis-In-Season,No,7,77
Human,1,Allergic-Rhinitis-In-Season,No,8,58
Human,1,Allergic-Rhinitis-In-Season,No,9,33
Human,1,Allergic-Rhinitis-In-Season,No,10,24
Human,1,Allergic-Rhinitis-In-Season,No,>10,141
Human,1,Allergic-Rhinitis-In-Season,Yes,1,995
Human,1,Allergic-Rhinitis-In-Season,Yes,2,176
Human,1,Allergic-Rhinitis-In-Season,Yes,3,46
Human,1,Allergic-Rhinitis-In-Season,Yes,4,20
Human,1,Allergic-Rhinitis-In-Season,Yes,5,7
Human,1,Allergic-Rhinitis-In-Season,Yes,6,26
Human,1,Allergic-Rhinitis-In-Season,Yes,7,3
Human,1,Allergic-Rhinitis-In-Season,Yes,8,4
Human,1,Allergic-Rhinitis-In-Season,Yes,9,3
Human,1,Allergic-Rhinitis-In-Season,Yes,10,2
Human,1,Allergic-Rhinitis-In-Season,Yes,>10,7
Human,2,Allergic-Rhinitis-In-Season,No,1,13
Human,2,Allergic-Rhinitis-In-Season,No,2,1899
Human,2,Allergic-Rhinitis-In-Season,No,3,898
Human,2,Allergic-Rhinitis-In-Season,No,4,435
Human,2,Allergic-Rhinitis-In-Season,No,5,259
Human,2,Allergic-Rhinitis-In-Season,No,6,192
Human,2,Allergic-Rhinitis-In-Season,No,7,124
Human,2,Allergic-Rhinitis-In-Season,No,8,78
Human,2,Allergic-Rhinitis-In-Season,No,9,61
Human,2,Allergic-Rhinitis-In-Season,No,10,45
Human,2,Allergic-Rhinitis-In-Season,No,>10,503
Human,2,Allergic-Rhinitis-In-Season,Yes,2,72
Human,2,Allergic-Rhinitis-In-Season,Yes,3,46
Human,2,Allergic-Rhinitis-In-Season,Yes,4,22
Human,2,Allergic-Rhinitis-In-Season,Yes,5,18
Human,2,Allergic-Rhinitis-In-Season,Yes,6,15
Human,2,Allergic-Rhinitis-In-Season,Yes,7,8
Human,2,Allergic-Rhinitis-In-Season,Yes,8,9
Human,2,Allergic-Rhinitis-In-Season,Yes,9,2
Human,2,Allergic-Rhinitis-In-Season,Yes,10,2
Human,2,Allergic-Rhinitis-In-Season,Yes,>10,21
Human,3,Allergic-Rhinitis-In-Season,No,2,2
Human,3,Allergic-Rhinitis-In-Season,No,3,458
Human,3,Allergic-Rhinitis-In-Season,No,4,377
Human,3,Allergic-Rhinitis-In-Season,No,5,238
Human,3,Allergic-Rhinitis-In-Season,No,6,174
Human,3,Allergic-Rhinitis-In-Season,No,7,135
Human,3,Allergic-Rhinitis-In-Season,No,8,111
Human,3,Allergic-Rhinitis-In-Season,No,9,74
Human,3,Allergic-Rhinitis-In-Season,No,10,73
Human,3,Allergic-Rhinitis-In-Season,No,>10,716
Human,3,Allergic-Rhinitis-In-Season,Yes,3,13
Human,3,Allergic-Rhinitis-In-Season,Yes,4,11
Human,3,Allergic-Rhinitis-In-Season,Yes,5,13
Human,3,Allergic-Rhinitis-In-Season,Yes,6,5
Human,3,Allergic-Rhinitis-In-Season,Yes,7,8
Human,3,Allergic-Rhinitis-In-Season,Yes,8,7
Human,3,Allergic-Rhinitis-In-Season,Yes,9,4
Human,3,Allergic-Rhinitis-In-Season,Yes,10,2
Human,3,Allergic-Rhinitis-In-Season,Yes,>10,33
Human,4,Allergic-Rhinitis-In-Season,No,4,119
Human,4,Allergic-Rhinitis-In-Season,No,5,109
Human,4,Allergic-Rhinitis-In-Season,No,6,130
Human,4,Allergic-Rhinitis-In-Season,No,7,124
Human,4,Allergic-Rhinitis-In-Season,No,8,98
Human,4,Allergic-Rhinitis-In-Season,No,9,83
Human,4,Allergic-Rhinitis-In-Season,No,10,95
Human,4,Allergic-Rhinitis-In-Season,No,>10,1089
Human,4,Allergic-Rhinitis-In-Season,Yes,4,3
Human,4,Allergic-Rhinitis-In-Season,Yes,5,6
Human,4,Allergic-Rhinitis-In-Season,Yes,6,8
Human,4,Allergic-Rhinitis-In-Season,Yes,7,8
Human,4,Allergic-Rhinitis-In-Season,Yes,8,2
Human,4,Allergic-Rhinitis-In-Season,Yes,9,4
Human,4,Allergic-Rhinitis-In-Season,Yes,10,4
Human,4,Allergic-Rhinitis-In-Season,Yes,>10,43
Human,5,Allergic-Rhinitis-In-Season,No,5,32
Human,5,Allergic-Rhinitis-In-Season,No,6,56
Human,5,Allergic-Rhinitis-In-Season,No,7,71
Human,5,Allergic-Rhinitis-In-Season,No,8,57
Human,5,Allergic-Rhinitis-In-Season,No,9,58
Human,5,Allergic-Rhinitis-In-Season,No,10,68
Human,5,Allergic-Rhinitis-In-Season,No,>10,1239
Human,5,Allergic-Rhinitis-In-Season,Yes,5,2
Human,5,Allergic-Rhinitis-In-Season,Yes,6,1
Human,5,Allergic-Rhinitis-In-Season,Yes,7,7
Human,5,Allergic-Rhinitis-In-Season,Yes,8,4
Human,5,Allergic-Rhinitis-In-Season,Yes,9,2
Human,5,Allergic-Rhinitis-In-Season,Yes,10,4
Human,5,Allergic-Rhinitis-In-Season,Yes,>10,42
Human,6,Allergic-Rhinitis-In-Season,No,6,8
Human,6,Allergic-Rhinitis-In-Season,No,7,16
Human,6,Allergic-Rhinitis-In-Season,No,8,18
Human,6,Allergic-Rhinitis-In-Season,No,9,30
Human,6,Allergic-Rhinitis-In-Season,No,10,34
Human,6,Allergic-Rhinitis-In-Season,No,>10,1201
Human,6,Allergic-Rhinitis-In-Season,Yes,6,1
Human,6,Allergic-Rhinitis-In-Season,Yes,7,2
Human,6,Allergic-Rhinitis-In-Season,Yes,9,1
Human,6,Allergic-Rhinitis-In-Season,Yes,10,1
Human,6,Allergic-Rhinitis-In-Season,Yes,>10,40
Human,7,Allergic-Rhinitis-In-Season,No,7,1
Human,7,Allergic-Rhinitis-In-Season,No,8,3
Human,7,Allergic-Rhinitis-In-Season,No,9,5
Human,7,Allergic-Rhinitis-In-Season,No,10,12
Human,7,Allergic-Rhinitis-In-Season,No,>10,1226
Human,7,Allergic-Rhinitis-In-Season,Yes,>10,38
Human,8,Allergic-Rhinitis-In-Season,No,10,2
Human,8,Allergic-Rhinitis-In-Season,No,>10,1185
Human,8,Allergic-Rhinitis-In-Season,Yes,>10,35
Human,9,Allergic-Rhinitis-In-Season,No,>10,1026
Human,9,Allergic-Rhinitis-In-Season,Yes,>10,45
Human,10,Allergic-Rhinitis-In-Season,No,>10,971
Human,10,Allergic-Rhinitis-In-Season,Yes,>10,39
Human,11,Allergic-Rhinitis-In-Season,No,>10,934
Human,11,Allergic-Rhinitis-In-Season,Yes,>10,27
Human,12,Allergic-Rhinitis-In-Season,No,>10,918
Human,12,Allergic-Rhinitis-In-Season,Yes,>10,39
Human,13,Allergic-Rhinitis-In-Season,No,>10,899
Human,13,Allergic-Rhinitis-In-Season,Yes,>10,29
Human,14,Allergic-Rhinitis-In-Season,No,>10,950
Human,14,Allergic-Rhinitis-In-Season,Yes,>10,38
Human,15,Allergic-Rhinitis-In-Season,No,>10,964
Human,15,Allergic-Rhinitis-In-Season,Yes,>10,43
Human,16,Allergic-Rhinitis-In-Season,No,>10,1021
Human,16,Allergic-Rhinitis-In-Season,Yes,>10,18
Human,17,Allergic-Rhinitis-In-Season,No,>10,1000
Human,17,Allergic-Rhinitis-In-Season,Yes,>10,39
Human,18,Allergic-Rhinitis-In-Season,No,>10,1079
Human,18,Allergic-Rhinitis-In-Season,Yes,>10,42
Human,19,Allergic-Rhinitis-In-Season,No,>10,1189
Human,19,Allergic-Rhinitis-In-Season,Yes,>10,52
Human,20,Allergic-Rhinitis-In-Season,No,>10,1276
Human,20,Allergic-Rhinitis-In-Season,Yes,>10,80
Human,21,Allergic-Rhinitis-In-Season,No,>10,1370
Human,21,Allergic-Rhinitis-In-Season,Yes,>10,174
Human,22,Allergic-Rhinitis-In-Season,No,>10,875
Human,22,Allergic-Rhinitis-In-Season,Yes,>10,149
Human,23,Allergic-Rhinitis-In-Season,No,>10,308
Human,23,Allergic-Rhinitis-In-Season,Yes,>10,83
Human,24,Allergic-Rhinitis-In-Season,No,>10,46
Human,24,Allergic-Rhinitis-In-Season,Yes,>10,20
Human,1,Allergic-Rhinitis-Out-Of-Season,No,1,21016
Human,1,Allergic-Rhinitis-Out-Of-Season,No,2,2343
Human,1,Allergic-Rhinitis-Out-Of-Season,No,3,639
Human,1,Allergic-Rhinitis-Out-Of-Season,No,4,269
Human,1,Allergic-Rhinitis-Out-Of-Season,No,5,132
Human,1,Allergic-Rhinitis-Out-Of-Season,No,6,66
Human,1,Allergic-Rhinitis-Out-Of-Season,No,7,35
Human,1,Allergic-Rhinitis-Out-Of-Season,No,8,41
Human,1,Allergic-Rhinitis-Out-Of-Season,No,9,15
Human,1,Allergic-Rhinitis-Out-Of-Season,No,10,12
Human,1,Allergic-Rhinitis-Out-Of-Season,No,>10,52
Human,1,Allergic-Rhinitis-Out-Of-Season,Yes,1,699
Human,1,Allergic-Rhinitis-Out-Of-Season,Yes,2,108
Human,1,Allergic-Rhinitis-Out-Of-Season,Yes,3,40
Human,1,Allergic-Rhinitis-Out-Of-Season,Yes,4,9
Human,1,Allergic-Rhinitis-Out-Of-Season,Yes,5,5
Human,1,Allergic-Rhinitis-Out-Of-Season,Yes,6,5
Human,1,Allergic-Rhinitis-Out-Of-Season,Yes,7,2
Human,1,Allergic-Rhinitis-Out-Of-Season,Yes,8,2
Human,1,Allergic-Rhinitis-Out-Of-Season,Yes,10,3
Human,1,Allergic-Rhinitis-Out-Of-Season,Yes,>10,3
Human,2,Allergic-Rhinitis-Out-Of-Season,No,1,13
Human,2,Allergic-Rhinitis-Out-Of-Season,No,2,1233
Human,2,Allergic-Rhinitis-Out-Of-Season,No,3,597
Human,2,Allergic-Rhinitis-Out-Of-Season,No,4,285
Human,2,Allergic-Rhinitis-Out-Of-Season,No,5,195
Human,2,Allergic-Rhinitis-Out-Of-Season,No,6,135
Human,2,Allergic-Rhinitis-Out-Of-Season,No,7,73
Human,2,Allergic-Rhinitis-Out-Of-Season,No,8,66
Human,2,Allergic-Rhinitis-Out-Of-Season,No,9,53
Human,2,Allergic-Rhinitis-Out-Of-Season,No,10,35
Human,2,Allergic-Rhinitis-Out-Of-Season,No,>10,278
Human,2,Allergic-Rhinitis-Out-Of-Season,Yes,2,61
Human,2,Allergic-Rhinitis-Out-Of-Season,Yes,3,29
Human,2,Allergic-Rhinitis-Out-Of-Season,Yes,4,23
Human,2,Allergic-Rhinitis-Out-Of-Season,Yes,5,10
Human,2,Allergic-Rhinitis-Out-Of-Season,Yes,6,7
Human,2,Allergic-Rhinitis-Out-Of-Season,Yes,7,6
Human,2,Allergic-Rhinitis-Out-Of-Season,Yes,8,7
Human,2,Allergic-Rhinitis-Out-Of-Season,Yes,9,2
Human,2,Allergic-Rhinitis-Out-Of-Season,Yes,10,2
Human,2,Allergic-Rhinitis-Out-Of-Season,Yes,>10,25
Human,3,Allergic-Rhinitis-Out-Of-Season,No,2,2
Human,3,Allergic-Rhinitis-Out-Of-Season,No,3,313
Human,3,Allergic-Rhinitis-Out-Of-Season,No,4,215
Human,3,Allergic-Rhinitis-Out-Of-Season,No,5,171
Human,3,Allergic-Rhinitis-Out-Of-Season,No,6,121
Human,3,Allergic-Rhinitis-Out-Of-Season,No,7,99
Human,3,Allergic-Rhinitis-Out-Of-Season,No,8,79
Human,3,Allergic-Rhinitis-Out-Of-Season,No,9,60
Human,3,Allergic-Rhinitis-Out-Of-Season,No,10,48
Human,3,Allergic-Rhinitis-Out-Of-Season,No,>10,465
Human,3,Allergic-Rhinitis-Out-Of-Season,Yes,3,8
Human,3,Allergic-Rhinitis-Out-Of-Season,Yes,4,14
Human,3,Allergic-Rhinitis-Out-Of-Season,Yes,5,9
Human,3,Allergic-Rhinitis-Out-Of-Season,Yes,6,4
Human,3,Allergic-Rhinitis-Out-Of-Season,Yes,7,4
Human,3,Allergic-Rhinitis-Out-Of-Season,Yes,8,6
Human,3,Allergic-Rhinitis-Out-Of-Season,Yes,9,5
Human,3,Allergic-Rhinitis-Out-Of-Season,Yes,10,3
Human,3,Allergic-Rhinitis-Out-Of-Season,Yes,>10,23
Human,4,Allergic-Rhinitis-Out-Of-Season,No,4,90
Human,4,Allergic-Rhinitis-Out-Of-Season,No,5,100
Human,4,Allergic-Rhinitis-Out-Of-Season,No,6,82
Human,4,Allergic-Rhinitis-Out-Of-Season,No,7,77
Human,4,Allergic-Rhinitis-Out-Of-Season,No,8,82
Human,4,Allergic-Rhinitis-Out-Of-Season,No,9,52
Human,4,Allergic-Rhinitis-Out-Of-Season,No,10,64
Human,4,Allergic-Rhinitis-Out-Of-Season,No,>10,670
Human,4,Allergic-Rhinitis-Out-Of-Season,Yes,4,1
Human,4,Allergic-Rhinitis-Out-Of-Season,Yes,5,4
Human,4,Allergic-Rhinitis-Out-Of-Season,Yes,6,1
Human,4,Allergic-Rhinitis-Out-Of-Season,Yes,7,1
Human,4,Allergic-Rhinitis-Out-Of-Season,Yes,8,2
Human,4,Allergic-Rhinitis-Out-Of-Season,Yes,9,3
Human,4,Allergic-Rhinitis-Out-Of-Season,Yes,10,5
Human,4,Allergic-Rhinitis-Out-Of-Season,Yes,>10,24
Human,5,Allergic-Rhinitis-Out-Of-Season,No,5,17
Human,5,Allergic-Rhinitis-Out-Of-Season,No,6,35
Human,5,Allergic-Rhinitis-Out-Of-Season,No,7,45
Human,5,Allergic-Rhinitis-Out-Of-Season,No,8,37
Human,5,Allergic-Rhinitis-Out-Of-Season,No,9,46
Human,5,Allergic-Rhinitis-Out-Of-Season,No,10,38
Human,5,Allergic-Rhinitis-Out-Of-Season,No,>10,797
Human,5,Allergic-Rhinitis-Out-Of-Season,Yes,5,1
Human,5,Allergic-Rhinitis-Out-Of-Season,Yes,6,1
Human,5,Allergic-Rhinitis-Out-Of-Season,Yes,7,2
Human,5,Allergic-Rhinitis-Out-Of-Season,Yes,8,2
Human,5,Allergic-Rhinitis-Out-Of-Season,Yes,9,3
Human,5,Allergic-Rhinitis-Out-Of-Season,Yes,10,2
Human,5,Allergic-Rhinitis-Out-Of-Season,Yes,>10,31
Human,6,Allergic-Rhinitis-Out-Of-Season,No,6,8
Human,6,Allergic-Rhinitis-Out-Of-Season,No,7,9
Human,6,Allergic-Rhinitis-Out-Of-Season,No,8,12
Human,6,Allergic-Rhinitis-Out-Of-Season,No,9,15
Human,6,Allergic-Rhinitis-Out-Of-Season,No,10,22
Human,6,Allergic-Rhinitis-Out-Of-Season,No,>10,829
Human,6,Allergic-Rhinitis-Out-Of-Season,Yes,6,1
Human,6,Allergic-Rhinitis-Out-Of-Season,Yes,9,1
Human,6,Allergic-Rhinitis-Out-Of-Season,Yes,10,2
Human,6,Allergic-Rhinitis-Out-Of-Season,Yes,>10,27
Human,7,Allergic-Rhinitis-Out-Of-Season,No,7,1
Human,7,Allergic-Rhinitis-Out-Of-Season,No,8,1
Human,7,Allergic-Rhinitis-Out-Of-Season,No,9,1
Human,7,Allergic-Rhinitis-Out-Of-Season,No,10,9
Human,7,Allergic-Rhinitis-Out-Of-Season,No,>10,816
Human,7,Allergic-Rhinitis-Out-Of-Season,Yes,>10,26
Human,8,Allergic-Rhinitis-Out-Of-Season,No,9,2
Human,8,Allergic-Rhinitis-Out-Of-Season,No,10,1
Human,8,Allergic-Rhinitis-Out-Of-Season,No,>10,772
Human,8,Allergic-Rhinitis-Out-Of-Season,Yes,>10,28
Human,9,Allergic-Rhinitis-Out-Of-Season,No,>10,679
Human,9,Allergic-Rhinitis-Out-Of-Season,Yes,>10,21
Human,10,Allergic-Rhinitis-Out-Of-Season,No,>10,647
Human,10,Allergic-Rhinitis-Out-Of-Season,Yes,>10,20
Human,11,Allergic-Rhinitis-Out-Of-Season,No,>10,672
Human,11,Allergic-Rhinitis-Out-Of-Season,Yes,>10,23
Human,12,Allergic-Rhinitis-Out-Of-Season,No,>10,634
Human,12,Allergic-Rhinitis-Out-Of-Season,Yes,>10,15
Human,13,Allergic-Rhinitis-Out-Of-Season,No,>10,651
Human,13,Allergic-Rhinitis-Out-Of-Season,Yes,>10,16
Human,14,Allergic-Rhinitis-Out-Of-Season,No,>10,642
Human,14,Allergic-Rhinitis-Out-Of-Season,Yes,>10,23
Human,15,Allergic-Rhinitis-Out-Of-Season,No,>10,640
Human,15,Allergic-Rhinitis-Out-Of-Season,Yes,>10,16
Human,16,Allergic-Rhinitis-Out-Of-Season,No,>10,680
Human,16,Allergic-Rhinitis-Out-Of-Season,Yes,>10,22
Human,17,Allergic-Rhinitis-Out-Of-Season,No,>10,650
Human,17,Allergic-Rhinitis-Out-Of-Season,Yes,>10,34
Human,18,Allergic-Rhinitis-Out-Of-Season,No,>10,745
Human,18,Allergic-Rhinitis-Out-Of-Season,Yes,>10,25
Human,19,Allergic-Rhinitis-Out-Of-Season,No,>10,828
Human,19,Allergic-Rhinitis-Out-Of-Season,Yes,>10,36
Human,20,Allergic-Rhinitis-Out-Of-Season,No,>10,929
Human,20,Allergic-Rhinitis-Out-Of-Season,Yes,>10,58
Human,21,Allergic-Rhinitis-Out-Of-Season,No,>10,1050
Human,21,Allergic-Rhinitis-Out-Of-Season,Yes,>10,125
Human,22,Allergic-Rhinitis-Out-Of-Season,No,>10,748
Human,22,Allergic-Rhinitis-Out-Of-Season,Yes,>10,120
Human,23,Allergic-Rhinitis-Out-Of-Season,No,>10,284
Human,23,Allergic-Rhinitis-Out-Of-Season,Yes,>10,79
Human,24,Allergic-Rhinitis-Out-Of-Season,No,>10,46
Human,24,Allergic-Rhinitis-Out-Of-Season,Yes,>10,20
Human,1,Allergy/NoSIT,No,1,14615650
Human,1,Allergy/NoSIT,No,2,2772756
Human,1,Allergy/NoSIT,No,3,1187924
Human,1,Allergy/NoSIT,No,4,623296
Human,1,Allergy/NoSIT,No,5,385091
Human,1,Allergy/NoSIT,No,6,264154
Human,1,Allergy/NoSIT,No,7,193956
Human,1,Allergy/NoSIT,No,8,149284
Human,1,Allergy/NoSIT,No,9,116678
Human,1,Allergy/NoSIT,No,10,94478
Human,1,Allergy/NoSIT,No,>10,687330
Human,1,Allergy/NoSIT,Yes,1,523671
Human,1,Allergy/NoSIT,Yes,2,142677
Human,1,Allergy/NoSIT,Yes,3,59331
Human,1,Allergy/NoSIT,Yes,4,27365
Human,1,Allergy/NoSIT,Yes,5,15090
Human,1,Allergy/NoSIT,Yes,6,9511
Human,1,Allergy/NoSIT,Yes,7,7001
Human,1,Allergy/NoSIT,Yes,8,5343
Human,1,Allergy/NoSIT,Yes,9,4235
Human,1,Allergy/NoSIT,Yes,10,3353
Human,1,Allergy/NoSIT,Yes,>10,30853
Human,2,Allergy/NoSIT,No,1,821
Human,2,Allergy/NoSIT,No,2,550058
Human,2,Allergy/NoSIT,No,3,289313
Human,2,Allergy/NoSIT,No,4,173972
Human,2,Allergy/NoSIT,No,5,114665
Human,2,Allergy/NoSIT,No,6,79970
Human,2,Allergy/NoSIT,No,7,58475
Human,2,Allergy/NoSIT,No,8,44759
Human,2,Allergy/NoSIT,No,9,34946
Human,2,Allergy/NoSIT,No,10,28256
Human,2,Allergy/NoSIT,No,>10,234351
Human,2,Allergy/NoSIT,Yes,1,2
Human,2,Allergy/NoSIT,Yes,2,27364
Human,2,Allergy/NoSIT,Yes,3,17540
Human,2,Allergy/NoSIT,Yes,4,11482
Human,2,Allergy/NoSIT,Yes,5,7428
Human,2,Allergy/NoSIT,Yes,6,4971
Human,2,Allergy/NoSIT,Yes,7,3364
Human,2,Allergy/NoSIT,Yes,8,2586
Human,2,Allergy/NoSIT,Yes,9,1931
Human,2,Allergy/NoSIT,Yes,10,1499
Human,2,Allergy/NoSIT,Yes,>10,11976
Human,3,Allergy/NoSIT,No,1,4
Human,3,Allergy/NoSIT,No,2,187
Human,3,Allergy/NoSIT,No,3,127027
Human,3,Allergy/NoSIT,No,4,111119
Human,3,Allergy/NoSIT,No,5,87732
Human,3,Allergy/NoSIT,No,6,69429
Human,3,Allergy/NoSIT,No,7,55498
Human,3,Allergy/NoSIT,No,8,45642
Human,3,Allergy/NoSIT,No,9,37530
Human,3,Allergy/NoSIT,No,10,30769
Human,3,Allergy/NoSIT,No,>10,296624
Human,3,Allergy/NoSIT,Yes,2,2
Human,3,Allergy/NoSIT,Yes,3,5827
Human,3,Allergy/NoSIT,Yes,4,6013
Human,3,Allergy/NoSIT,Yes,5,5206
Human,3,Allergy/NoSIT,Yes,6,4401
Human,3,Allergy/NoSIT,Yes,7,3579
Human,3,Allergy/NoSIT,Yes,8,2959
Human,3,Allergy/NoSIT,Yes,9,2412
Human,3,Allergy/NoSIT,Yes,10,1958
Human,3,Allergy/NoSIT,Yes,>10,16617
Human,4,Allergy/NoSIT,No,2,3
Human,4,Allergy/NoSIT,No,3,45
Human,4,Allergy/NoSIT,No,4,32690
Human,4,Allergy/NoSIT,No,5,40687
Human,4,Allergy/NoSIT,No,6,40023
Human,4,Allergy/NoSIT,No,7,36699
Human,4,Allergy/NoSIT,No,8,33339
Human,4,Allergy/NoSIT,No,9,29784
Human,4,Allergy/NoSIT,No,10,26423
Human,4,Allergy/NoSIT,No,>10,339559
Human,4,Allergy/NoSIT,Yes,4,1261
Human,4,Allergy/NoSIT,Yes,5,1891
Human,4,Allergy/NoSIT,Yes,6,2057
Human,4,Allergy/NoSIT,Yes,7,2062
Human,4,Allergy/NoSIT,Yes,8,1957
Human,4,Allergy/NoSIT,Yes,9,1761
Human,4,Allergy/NoSIT,Yes,10,1603
Human,4,Allergy/NoSIT,Yes,>10,19945
Human,5,Allergy/NoSIT,No,4,3
Human,5,Allergy/NoSIT,No,5,8158
Human,5,Allergy/NoSIT,No,6,13318
Human,5,Allergy/NoSIT,No,7,16026
Human,5,Allergy/NoSIT,No,8,17183
Human,5,Allergy/NoSIT,No,9,17147
Human,5,Allergy/NoSIT,No,10,16459
Human,5,Allergy/NoSIT,No,>10,331899
Human,5,Allergy/NoSIT,Yes,5,274
Human,5,Allergy/NoSIT,Yes,6,509
Human,5,Allergy/NoSIT,Yes,7,704
Human,5,Allergy/NoSIT,Yes,8,747
Human,5,Allergy/NoSIT,Yes,9,888
Human,5,Allergy/NoSIT,Yes,10,850
Human,5,Allergy/NoSIT,Yes,>10,19387
Human,6,Allergy/NoSIT,No,5,2
Human,6,Allergy/NoSIT,No,6,1933
Human,6,Allergy/NoSIT,No,7,3821
Human,6,Allergy/NoSIT,No,8,5596
Human,6,Allergy/NoSIT,No,9,6793
Human,6,Allergy/NoSIT,No,10,7396
Human,6,Allergy/NoSIT,No,>10,279438
Human,6,Allergy/NoSIT,Yes,6,55
Human,6,Allergy/NoSIT,Yes,7,118
Human,6,Allergy/NoSIT,Yes,8,198
Human,6,Allergy/NoSIT,Yes,9,239
Human,6,Allergy/NoSIT,Yes,10,323
Human,6,Allergy/NoSIT,Yes,>10,16047
Human,7,Allergy/NoSIT,No,7,381
Human,7,Allergy/NoSIT,No,8,1033
Human,7,Allergy/NoSIT,No,9,1658
Human,7,Allergy/NoSIT,No,10,2318
Human,7,Allergy/NoSIT,No,>10,221666
Human,7,Allergy/NoSIT,Yes,7,11
Human,7,Allergy/NoSIT,Yes,8,34
Human,7,Allergy/NoSIT,Yes,9,48
Human,7,Allergy/NoSIT,Yes,10,73
Human,7,Allergy/NoSIT,Yes,>10,12284
Human,8,Allergy/NoSIT,No,8,75
Human,8,Allergy/NoSIT,No,9,216
Human,8,Allergy/NoSIT,No,10,451
Human,8,Allergy/NoSIT,No,>10,178077
Human,8,Allergy/NoSIT,Yes,8,2
Human,8,Allergy/NoSIT,Yes,9,5
Human,8,Allergy/NoSIT,Yes,10,7
Human,8,Allergy/NoSIT,Yes,>10,9025
Human,9,Allergy/NoSIT,No,9,8
Human,9,Allergy/NoSIT,No,10,51
Human,9,Allergy/NoSIT,No,>10,142925
Human,9,Allergy/NoSIT,Yes,>10,6906
Human,10,Allergy/NoSIT,No,10,2
Human,10,Allergy/NoSIT,No,>10,116205
Human,10,Allergy/NoSIT,Yes,>10,5203
Human,11,Allergy/NoSIT,No,>10,94880
Human,11,Allergy/NoSIT,Yes,>10,3962
Human,12,Allergy/NoSIT,No,>10,75576
Human,12,Allergy/NoSIT,Yes,>10,3033
Human,13,Allergy/NoSIT,No,>10,58365
Human,13,Allergy/NoSIT,Yes,>10,2429
Human,14,Allergy/NoSIT,No,>10,44329
Human,14,Allergy/NoSIT,Yes,>10,1920
Human,15,Allergy/NoSIT,No,>10,34275
Human,15,Allergy/NoSIT,Yes,>10,1604
Human,16,Allergy/NoSIT,No,>10,26348
Human,16,Allergy/NoSIT,Yes,>10,1420
Human,17,Allergy/NoSIT,No,>10,20227
Human,17,Allergy/NoSIT,Yes,>10,1183
Human,18,Allergy/NoSIT,No,>10,14726
Human,18,Allergy/NoSIT,Yes,>10,845
Human,19,Allergy/NoSIT,No,>10,11205
Human,19,Allergy/NoSIT,Yes,>10,757
Human,20,Allergy/NoSIT,No,>10,7818
Human,20,Allergy/NoSIT,Yes,>10,717
Human,21,Allergy/NoSIT,No,>10,3533
Human,21,Allergy/NoSIT,Yes,>10,426
Human,22,Allergy/NoSIT,No,>10,1262
Human,22,Allergy/NoSIT,Yes,>10,218
Human,23,Allergy/NoSIT,No,>10,329
Human,23,Allergy/NoSIT,Yes,>10,90
Human,24,Allergy/NoSIT,No,>10,46
Human,24,Allergy/NoSIT,Yes,>10,20
Human,1,Allergy/SIT,No,1,793118
Human,1,Allergy/SIT,No,2,109020
Human,1,Allergy/SIT,No,3,26658
Human,1,Allergy/SIT,No,4,9713
Human,1,Allergy/SIT,No,5,4892
Human,1,Allergy/SIT,No,6,2662
Human,1,Allergy/SIT,No,7,1799
Human,1,Allergy/SIT,No,8,1181
Human,1,Allergy/SIT,No,9,914
Human,1,Allergy/SIT,No,10,688
Human,1,Allergy/SIT,No,>10,2912
Human,1,Allergy/SIT,Yes,1,38074
Human,1,Allergy/SIT,Yes,2,6110
Human,1,Allergy/SIT,Yes,3,1518
Human,1,Allergy/SIT,Yes,4,567
Human,1,Allergy/SIT,Yes,5,259
Human,1,Allergy/SIT,Yes,6,169
Human,1,Allergy/SIT,Yes,7,114
Human,1,Allergy/SIT,Yes,8,70
Human,1,Allergy/SIT,Yes,9,58
Human,1,Allergy/SIT,Yes,10,34
Human,1,Allergy/SIT,Yes,>10,227
Human,2,Allergy/SIT,No,1,155
Human,2,Allergy/SIT,No,2,40055
Human,2,Allergy/SIT,No,3,18221
Human,2,Allergy/SIT,No,4,9275
Human,2,Allergy/SIT,No,5,5168
Human,2,Allergy/SIT,No,6,3441
Human,2,Allergy/SIT,No,7,2324
Human,2,Allergy/SIT,No,8,1728
Human,2,Allergy/SIT,No,9,1329
Human,2,Allergy/SIT,No,10,1033
Human,2,Allergy/SIT,No,>10,8263
Human,2,Allergy/SIT,Yes,1,2
Human,2,Allergy/SIT,Yes,2,2700
Human,2,Allergy/SIT,Yes,3,1307
Human,2,Allergy/SIT,Yes,4,744
Human,2,Allergy/SIT,Yes,5,418
Human,2,Allergy/SIT,Yes,6,266
Human,2,Allergy/SIT,Yes,7,183
Human,2,Allergy/SIT,Yes,8,164
Human,2,Allergy/SIT,Yes,9,94
Human,2,Allergy/SIT,Yes,10,73
Human,2,Allergy/SIT,Yes,>10,570
Human,3,Allergy/SIT,No,2,41
Human,3,Allergy/SIT,No,3,9954
Human,3,Allergy/SIT,No,4,8375
Human,3,Allergy/SIT,No,5,6044
Human,3,Allergy/SIT,No,6,4674
Human,3,Allergy/SIT,No,7,3528
Human,3,Allergy/SIT,No,8,2723
Human,3,Allergy/SIT,No,9,2169
Human,3,Allergy/SIT,No,10,1751
Human,3,Allergy/SIT,No,>10,14904
Human,3,Allergy/SIT,Yes,3,671
Human,3,Allergy/SIT,Yes,4,550
Human,3,Allergy/SIT,Yes,5,431
Human,3,Allergy/SIT,Yes,6,344
Human,3,Allergy/SIT,Yes,7,275
Human,3,Allergy/SIT,Yes,8,228
Human,3,Allergy/SIT,Yes,9,192
Human,3,Allergy/SIT,Yes,10,134
Human,3,Allergy/SIT,Yes,>10,1062
Human,4,Allergy/SIT,No,2,2
Human,4,Allergy/SIT,No,3,8
Human,4,Allergy/SIT,No,4,2809
Human,4,Allergy/SIT,No,5,3306
Human,4,Allergy/SIT,No,6,3254
Human,4,Allergy/SIT,No,7,2945
Human,4,Allergy/SIT,No,8,2537
Human,4,Allergy/SIT,No,9,2393
Human,4,Allergy/SIT,No,10,1998
Human,4,Allergy/SIT,No,>10,23832
Human,4,Allergy/SIT,Yes,4,159
Human,4,Allergy/SIT,Yes,5,204
Human,4,Allergy/SIT,Yes,6,228
Human,4,Allergy/SIT,Yes,7,212
Human,4,Allergy/SIT,Yes,8,183
Human,4,Allergy/SIT,Yes,9,135
Human,4,Allergy/SIT,Yes,10,140
Human,4,Allergy/SIT,Yes,>10,1534
Human,5,Allergy/SIT,No,4,3
Human,5,Allergy/SIT,No,5,671
Human,5,Allergy/SIT,No,6,1163
Human,5,Allergy/SIT,No,7,1339
Human,5,Allergy/SIT,No,8,1447
Human,5,Allergy/SIT,No,9,1382
Human,5,Allergy/SIT,No,10,1412
Human,5,Allergy/SIT,No,>10,31625
Human,5,Allergy/SIT,Yes,5,36
Human,5,Allergy/SIT,Yes,6,64
Human,5,Allergy/SIT,Yes,7,88
Human,5,Allergy/SIT,Yes,8,77
Human,5,Allergy/SIT,Yes,9,107
Human,5,Allergy/SIT,Yes,10,88
Human,5,Allergy/SIT,Yes,>10,1783
Human,6,Allergy/SIT,No,6,159
Human,6,Allergy/SIT,No,7,322
Human,6,Allergy/SIT,No,8,456
Human,6,Allergy/SIT,No,9,614
Human,6,Allergy/SIT,No,10,616
Human,6,Allergy/SIT,No,>10,39499
Human,6,Allergy/SIT,Yes,6,10
Human,6,Allergy/SIT,Yes,7,21
Human,6,Allergy/SIT,Yes,8,22
Human,6,Allergy/SIT,Yes,9,28
Human,6,Allergy/SIT,Yes,10,37
Human,6,Allergy/SIT,Yes,>10,1740
Human,7,Allergy/SIT,No,7,35
Human,7,Allergy/SIT,No,8,74
Human,7,Allergy/SIT,No,9,136
Human,7,Allergy/SIT,No,10,186
Human,7,Allergy/SIT,No,>10,28909
Human,7,Allergy/SIT,Yes,7,1
Human,7,Allergy/SIT,Yes,8,4
Human,7,Allergy/SIT,Yes,9,8
Human,7,Allergy/SIT,Yes,10,11
Human,7,Allergy/SIT,Yes,>10,1570
Human,8,Allergy/SIT,No,8,7
Human,8,Allergy/SIT,No,9,5
Human,8,Allergy/SIT,No,10,41
Human,8,Allergy/SIT,No,>10,23566
Human,8,Allergy/SIT,Yes,9,2
Human,8,Allergy/SIT,Yes,10,2
Human,8,Allergy/SIT,Yes,>10,1415
Human,9,Allergy/SIT,No,10,3
Human,9,Allergy/SIT,No,>10,21120
Human,9,Allergy/SIT,Yes,>10,1256
Human,10,Allergy/SIT,No,>10,19102
Human,10,Allergy/SIT,Yes,>10,1145
Human,11,Allergy/SIT,No,>10,18283
Human,11,Allergy/SIT,Yes,>10,1010
Human,12,Allergy/SIT,No,>10,17816
Human,12,Allergy/SIT,Yes,>10,882
Human,13,Allergy/SIT,No,>10,17273
Human,13,Allergy/SIT,Yes,>10,857
Human,14,Allergy/SIT,No,>10,15968
Human,14,Allergy/SIT,Yes,>10,723
Human,15,Allergy/SIT,No,>10,15344
Human,15,Allergy/SIT,Yes,>10,701
Human,16,Allergy/SIT,No,>10,13902
Human,16,Allergy/SIT,Yes,>10,645
Human,17,Allergy/SIT,No,>10,12703
Human,17,Allergy/SIT,Yes,>10,675
Human,18,Allergy/SIT,No,>10,11802
Human,18,Allergy/SIT,Yes,>10,637
Human,19,Allergy/SIT,No,>10,10464
Human,19,Allergy/SIT,Yes,>10,679
Human,20,Allergy/SIT,No,>10,7689
Human,20,Allergy/SIT,Yes,>10,706
Human,21,Allergy/SIT,No,>10,3516
Human,21,Allergy/SIT,Yes,>10,425
Human,22,Allergy/SIT,No,>10,1262
Human,22,Allergy/SIT,Yes,>10,218
Human,23,Allergy/SIT,No,>10,329
Human,23,Allergy/SIT,Yes,>10,90
Human,24,Allergy/SIT,No,>10,46
Human,24,Allergy/SIT,Yes,>10,20
Human,1,Asthma,No,1,1813023
Human,1,Asthma,No,2,234658
Human,1,Asthma,No,3,102462
Human,1,Asthma,No,4,59909
Human,1,Asthma,No,5,39523
Human,1,Asthma,No,6,28545
Human,1,Asthma,No,7,21767
Human,1,Asthma,No,8,17132
Human,1,Asthma,No,9,13898
Human,1,Asthma,No,10,11636
Human,1,Asthma,No,>10,108750
Human,1,Asthma,Yes,1,18081
Human,1,Asthma,Yes,2,3501
Human,1,Asthma,Yes,3,1838
Human,1,Asthma,Yes,4,1164
Human,1,Asthma,Yes,5,923
Human,1,Asthma,Yes,6,720
Human,1,Asthma,Yes,7,565
Human,1,Asthma,Yes,8,449
Human,1,Asthma,Yes,9,398
Human,1,Asthma,Yes,10,361
Human,1,Asthma,Yes,>10,3170
Human,2,Asthma,No,1,8
Human,2,Asthma,No,2,60461
Human,2,Asthma,No,3,23727
Human,2,Asthma,No,4,12770
Human,2,Asthma,No,5,7923
Human,2,Asthma,No,6,5281
Human,2,Asthma,No,7,3990
Human,2,Asthma,No,8,3119
Human,2,Asthma,No,9,2480
Human,2,Asthma,No,10,1876
Human,2,Asthma,No,>10,18196
Human,2,Asthma,Yes,2,916
Human,2,Asthma,Yes,3,466
Human,2,Asthma,Yes,4,276
Human,2,Asthma,Yes,5,199
Human,2,Asthma,Yes,6,158
Human,2,Asthma,Yes,7,132
Human,2,Asthma,Yes,8,101
Human,2,Asthma,Yes,9,85
Human,2,Asthma,Yes,10,77
Human,2,Asthma,Yes,>10,714
Human,3,Asthma,No,2,1
Human,3,Asthma,No,3,17082
Human,3,Asthma,No,4,12227
Human,3,Asthma,No,5,8673
Human,3,Asthma,No,6,6216
Human,3,Asthma,No,7,4702
Human,3,Asthma,No,8,3710
Human,3,Asthma,No,9,2894
Human,3,Asthma,No,10,2467
Human,3,Asthma,No,>10,20905
Human,3,Asthma,Yes,3,268
Human,3,Asthma,Yes,4,218
Human,3,Asthma,Yes,5,165
Human,3,Asthma,Yes,6,117
Human,3,Asthma,Yes,7,125
Human,3,Asthma,Yes,8,97
Human,3,Asthma,Yes,9,89
Human,3,Asthma,Yes,10,65
Human,3,Asthma,Yes,>10,747
Human,4,Asthma,No,3,2
Human,4,Asthma,No,4,5207
Human,4,Asthma,No,5,5784
Human,4,Asthma,No,6,5321
Human,4,Asthma,No,7,4466
Human,4,Asthma,No,8,3778
Human,4,Asthma,No,9,3201
Human,4,Asthma,No,10,2775
Human,4,Asthma,No,>10,27386
Human,4,Asthma,Yes,4,98
Human,4,Asthma,Yes,5,94
Human,4,Asthma,Yes,6,95
Human,4,Asthma,Yes,7,74
Human,4,Asthma,Yes,8,74
Human,4,Asthma,Yes,9,67
Human,4,Asthma,Yes,10,77
Human,4,Asthma,Yes,>10,805
Human,5,Asthma,No,5,1542
Human,5,Asthma,No,6,2305
Human,5,Asthma,No,7,2665
Human,5,Asthma,No,8,2569
Human,5,Asthma,No,9,2532
Human,5,Asthma,No,10,2436
Human,5,Asthma,No,>10,32719
Human,5,Asthma,Yes,5,21
Human,5,Asthma,Yes,6,42
Human,5,Asthma,Yes,7,38
Human,5,Asthma,Yes,8,44
Human,5,Asthma,Yes,9,58
Human,5,Asthma,Yes,10,34
Human,5,Asthma,Yes,>10,887
Human,6,Asthma,No,6,465
Human,6,Asthma,No,7,904
Human,6,Asthma,No,8,1144
Human,6,Asthma,No,9,1337
Human,6,Asthma,No,10,1382
Human,6,Asthma,No,>10,35112
Human,6,Asthma,Yes,6,10
Human,6,Asthma,Yes,7,12
Human,6,Asthma,Yes,8,18
Human,6,Asthma,Yes,9,21
Human,6,Asthma,Yes,10,25
Human,6,Asthma,Yes,>10,969
Human,7,Asthma,No,7,95
Human,7,Asthma,No,8,225
Human,7,Asthma,No,9,418
Human,7,Asthma,No,10,562
Human,7,Asthma,No,>10,33700
Human,7,Asthma,Yes,8,3
Human,7,Asthma,Yes,9,10
Human,7,Asthma,Yes,10,8
Human,7,Asthma,Yes,>10,948
Human,8,Asthma,No,8,25
Human,8,Asthma,No,9,49
Human,8,Asthma,No,10,113
Human,8,Asthma,No,>10,30320
Human,8,Asthma,Yes,9,1
Human,8,Asthma,Yes,10,1
Human,8,Asthma,Yes,>10,860
Human,9,Asthma,No,9,2
Human,9,Asthma,No,10,10
Human,9,Asthma,No,>10,26804
Human,9,Asthma,Yes,>10,786
Human,10,Asthma,No,>10,24627
Human,10,Asthma,Yes,>10,720
Human,11,Asthma,No,>10,23317
Human,11,Asthma,Yes,>10,678
Human,12,Asthma,No,>10,22108
Human,12,Asthma,Yes,>10,670
Human,13,Asthma,No,>10,20624
Human,13,Asthma,Yes,>10,656
Human,14,Asthma,No,>10,18628
Human,14,Asthma,Yes,>10,701
Human,15,Asthma,No,>10,17233
Human,15,Asthma,Yes,>10,744
Human,16,Asthma,No,>10,15698
Human,16,Asthma,Yes,>10,859
Human,17,Asthma,No,>10,14150
Human,17,Asthma,Yes,>10,835
Human,18,Asthma,No,>10,11551
Human,18,Asthma,Yes,>10,654
Human,19,Asthma,No,>10,9842
Human,19,Asthma,Yes,>10,678
Human,20,Asthma,No,>10,7479
Human,20,Asthma,Yes,>10,696
Human,21,Asthma,No,>10,3478
Human,21,Asthma,Yes,>10,415
Human,22,Asthma,No,>10,1247
Human,22,Asthma,Yes,>10,218
Human,23,Asthma,No,>10,327
Human,23,Asthma,Yes,>10,90
Human,24,Asthma,No,>10,46
Human,24,Asthma,Yes,>10,20
Human,1,CLL,No,1,27831
Human,1,CLL,No,2,3491
Human,1,CLL,No,3,1307
Human,1,CLL,No,4,623
Human,1,CLL,No,5,426
Human,1,CLL,No,6,286
Human,1,CLL,No,7,187
Human,1,CLL,No,8,147
Human,1,CLL,No,9,124
Human,1,CLL,No,10,74
Human,1,CLL,No,>10,533
Human,1,CLL,Yes,1,1039
Human,1,CLL,Yes,2,155
Human,1,CLL,Yes,3,60
Human,1,CLL,Yes,4,38
Human,1,CLL,Yes,5,18
Human,1,CLL,Yes,6,21
Human,1,CLL,Yes,7,7
Human,1,CLL,Yes,8,7
Human,1,CLL,Yes,9,9
Human,1,CLL,Yes,10,7
Human,1,CLL,Yes,>10,27
Human,2,CLL,No,1,2
Human,2,CLL,No,2,1317
Human,2,CLL,No,3,561
Human,2,CLL,No,4,333
Human,2,CLL,No,5,202
Human,2,CLL,No,6,155
Human,2,CLL,No,7,122
Human,2,CLL,No,8,63
Human,2,CLL,No,9,51
Human,2,CLL,No,10,41
Human,2,CLL,No,>10,376
Human,2,CLL,Yes,2,83
Human,2,CLL,Yes,3,30
Human,2,CLL,Yes,4,14
Human,2,CLL,Yes,5,5
Human,2,CLL,Yes,6,8
Human,2,CLL,Yes,7,2
Human,2,CLL,Yes,8,7
Human,2,CLL,Yes,9,5
Human,2,CLL,Yes,10,1
Human,2,CLL,Yes,>10,25
Human,3,CLL,No,3,334
Human,3,CLL,No,4,261
Human,3,CLL,No,5,187
Human,3,CLL,No,6,134
Human,3,CLL,No,7,124
Human,3,CLL,No,8,79
Human,3,CLL,No,9,80
Human,3,CLL,No,10,54
Human,3,CLL,No,>10,551
Human,3,CLL,Yes,3,24
Human,3,CLL,Yes,4,19
Human,3,CLL,Yes,5,8
Human,3,CLL,Yes,6,7
Human,3,CLL,Yes,7,4
Human,3,CLL,Yes,8,5
Human,3,CLL,Yes,9,5
Human,3,CLL,Yes,10,3
Human,3,CLL,Yes,>10,31
Human,4,CLL,No,4,92
Human,4,CLL,No,5,124
Human,4,CLL,No,6,102
Human,4,CLL,No,7,79
Human,4,CLL,No,8,61
Human,4,CLL,No,9,81
Human,4,CLL,No,10,63
Human,4,CLL,No,>10,806
Human,4,CLL,Yes,4,3
Human,4,CLL,Yes,6,7
Human,4,CLL,Yes,7,9
Human,4,CLL,Yes,8,4
Human,4,CLL,Yes,9,2
Human,4,CLL,Yes,10,6
Human,4,CLL,Yes,>10,42
Human,5,CLL,No,5,22
Human,5,CLL,No,6,50
Human,5,CLL,No,7,60
Human,5,CLL,No,8,44
Human,5,CLL,No,9,49
Human,5,CLL,No,10,41
Human,5,CLL,No,>10,913
Human,5,CLL,Yes,5,5
Human,5,CLL,Yes,6,3
Human,5,CLL,Yes,8,6
Human,5,CLL,Yes,9,1
Human,5,CLL,Yes,10,4
Human,5,CLL,Yes,>10,55
Human,6,CLL,No,6,5
Human,6,CLL,No,7,13
Human,6,CLL,No,8,15
Human,6,CLL,No,9,25
Human,6,CLL,No,10,22
Human,6,CLL,No,>10,1004
Human,6,CLL,Yes,6,1
Human,6,CLL,Yes,7,1
Human,6,CLL,Yes,9,1
Human,6,CLL,Yes,10,2
Human,6,CLL,Yes,>10,48
Human,7,CLL,No,8,2
Human,7,CLL,No,9,4
Human,7,CLL,No,10,7
Human,7,CLL,No,>10,1092
Human,7,CLL,Yes,10,1
Human,7,CLL,Yes,>10,43
Human,8,CLL,No,10,3
Human,8,CLL,No,>10,959
Human,8,CLL,Yes,>10,32
Human,9,CLL,No,>10,859
Human,9,CLL,Yes,>10,31
Human,10,CLL,No,>10,767
Human,10,CLL,Yes,>10,40
Human,11,CLL,No,>10,738
Human,11,CLL,Yes,>10,28
Human,12,CLL,No,>10,692
Human,12,CLL,Yes,>10,30
Human,13,CLL,No,>10,653
Human,13,CLL,Yes,>10,29
Human,14,CLL,No,>10,657
Human,14,CLL,Yes,>10,31
Human,15,CLL,No,>10,673
Human,15,CLL,Yes,>10,35
Human,16,CLL,No,>10,661
Human,16,CLL,Yes,>10,37
Human,17,CLL,No,>10,702
Human,17,CLL,Yes,>10,38
Human,18,CLL,No,>10,804
Human,18,CLL,Yes,>10,37
Human,19,CLL,No,>10,853
Human,19,CLL,Yes,>10,57
Human,20,CLL,No,>10,1128
Human,20,CLL,Yes,>10,88
Human,21,CLL,No,>10,1171
Human,21,CLL,Yes,>10,126
Human,22,CLL,No,>10,619
Human,22,CLL,Yes,>10,105
Human,23,CLL,No,>10,233
Human,23,CLL,Yes,>10,62
Human,24,CLL,No,>10,46
Human,24,CLL,Yes,>10,20
Human,1,CMV,No,1,1129105
Human,1,CMV,No,2,27192
Human,1,CMV,No,3,5224
Human,1,CMV,No,4,1510
Human,1,CMV,No,5,616
Human,1,CMV,No,6,266
Human,1,CMV,No,7,139
Human,1,CMV,No,8,88
Human,1,CMV,No,9,40
Human,1,CMV,No,10,39
Human,1,CMV,No,>10,67
Human,1,CMV,Yes,1,73680
Human,1,CMV,Yes,2,2050
Human,1,CMV,Yes,3,484
Human,1,CMV,Yes,4,183
Human,1,CMV,Yes,5,99
Human,1,CMV,Yes,6,55
Human,1,CMV,Yes,7,24
Human,1,CMV,Yes,8,15
Human,1,CMV,Yes,9,10
Human,1,CMV,Yes,10,7
Human,1,CMV,Yes,>10,21
Human,2,CMV,No,1,157
Human,2,CMV,No,2,49838
Human,2,CMV,No,3,18116
Human,2,CMV,No,4,8660
Human,2,CMV,No,5,4956
Human,2,CMV,No,6,2962
Human,2,CMV,No,7,2115
Human,2,CMV,No,8,1510
Human,2,CMV,No,9,1104
Human,2,CMV,No,10,912
Human,2,CMV,No,>10,7605
Human,2,CMV,Yes,2,5126
Human,2,CMV,Yes,3,1831
Human,2,CMV,Yes,4,1008
Human,2,CMV,Yes,5,564
Human,2,CMV,Yes,6,381
Human,2,CMV,Yes,7,231
Human,2,CMV,Yes,8,161
Human,2,CMV,Yes,9,124
Human,2,CMV,Yes,10,114
Human,2,CMV,Yes,>10,811
Human,3,CMV,No,2,53
Human,3,CMV,No,3,11904
Human,3,CMV,No,4,9023
Human,3,CMV,No,5,6181
Human,3,CMV,No,6,4614
Human,3,CMV,No,7,3502
Human,3,CMV,No,8,2662
Human,3,CMV,No,9,2063
Human,3,CMV,No,10,1687
Human,3,CMV,No,>10,13651
Human,3,CMV,Yes,3,1070
Human,3,CMV,Yes,4,880
Human,3,CMV,Yes,5,709
Human,3,CMV,Yes,6,574
Human,3,CMV,Yes,7,410
Human,3,CMV,Yes,8,283
Human,3,CMV,Yes,9,251
Human,3,CMV,Yes,10,206
Human,3,CMV,Yes,>10,1552
Human,4,CMV,No,2,3
Human,4,CMV,No,3,15
Human,4,CMV,No,4,3118
Human,4,CMV,No,5,3689
Human,4,CMV,No,6,3494
Human,4,CMV,No,7,2988
Human,4,CMV,No,8,2796
Human,4,CMV,No,9,2398
Human,4,CMV,No,10,2004
Human,4,CMV,No,>10,20583
Human,4,CMV,Yes,4,288
Human,4,CMV,Yes,5,361
Human,4,CMV,Yes,6,327
Human,4,CMV,Yes,7,322
Human,4,CMV,Yes,8,308
Human,4,CMV,Yes,9,265
Human,4,CMV,Yes,10,249
Human,4,CMV,Yes,>10,2345
Human,5,CMV,No,4,4
Human,5,CMV,No,5,811
Human,5,CMV,No,6,1284
Human,5,CMV,No,7,1518
Human,5,CMV,No,8,1608
Human,5,CMV,No,9,1529
Human,5,CMV,No,10,1507
Human,5,CMV,No,>10,25895
Human,5,CMV,Yes,5,73
Human,5,CMV,Yes,6,106
Human,5,CMV,Yes,7,131
Human,5,CMV,Yes,8,133
Human,5,CMV,Yes,9,145
Human,5,CMV,Yes,10,117
Human,5,CMV,Yes,>10,2821
Human,6,CMV,No,6,182
Human,6,CMV,No,7,366
Human,6,CMV,No,8,506
Human,6,CMV,No,9,629
Human,6,CMV,No,10,749
Human,6,CMV,No,>10,27093
Human,6,CMV,Yes,6,8
Human,6,CMV,Yes,7,20
Human,6,CMV,Yes,8,43
Human,6,CMV,Yes,9,52
Human,6,CMV,Yes,10,57
Human,6,CMV,Yes,>10,2725
Human,7,CMV,No,7,37
Human,7,CMV,No,8,76
Human,7,CMV,No,9,173
Human,7,CMV,No,10,220
Human,7,CMV,No,>10,26024
Human,7,CMV,Yes,7,1
Human,7,CMV,Yes,8,6
Human,7,CMV,Yes,9,12
Human,7,CMV,Yes,10,13
Human,7,CMV,Yes,>10,2385
Human,8,CMV,No,8,7
Human,8,CMV,No,9,22
Human,8,CMV,No,10,39
Human,8,CMV,No,>10,24431
Human,8,CMV,Yes,9,2
Human,8,CMV,Yes,>10,2055
Human,9,CMV,No,10,3
Human,9,CMV,No,>10,22594
Human,9,CMV,Yes,>10,1864
Human,10,CMV,No,>10,21069
Human,10,CMV,Yes,>10,1603
Human,11,CMV,No,>10,19869
Human,11,CMV,Yes,>10,1363
Human,12,CMV,No,>10,18661
Human,12,CMV,Yes,>10,1140
Human,13,CMV,No,>10,17633
Human,13,CMV,Yes,>10,1007
Human,14,CMV,No,>10,16928
Human,14,CMV,Yes,>10,847
Human,15,CMV,No,>10,15048
Human,15,CMV,Yes,>10,756
Human,16,CMV,No,>10,13081
Human,16,CMV,Yes,>10,671
Human,17,CMV,No,>10,11871
Human,17,CMV,Yes,>10,648
Human,18,CMV,No,>10,10420
Human,18,CMV,Yes,>10,576
Human,19,CMV,No,>10,9085
Human,19,CMV,Yes,>10,611
Human,20,CMV,No,>10,7155
Human,20,CMV,Yes,>10,659
Human,21,CMV,No,>10,3373
Human,21,CMV,Yes,>10,409
Human,22,CMV,No,>10,1233
Human,22,CMV,Yes,>10,217
Human,23,CMV,No,>10,321
Human,23,CMV,Yes,>10,86
Human,24,CMV,No,>10,46
Human,24,CMV,Yes,>10,20
Human,1,CMV/EBV,No,1,28085746
Human,1,CMV/EBV,No,2,1973645
Human,1,CMV/EBV,No,3,657099
Human,1,CMV/EBV,No,4,353096
Human,1,CMV/EBV,No,5,235352
Human,1,CMV/EBV,No,6,176131
Human,1,CMV/EBV,No,7,140843
Human,1,CMV/EBV,No,8,116407
Human,1,CMV/EBV,No,9,98655
Human,1,CMV/EBV,No,10,85144
Human,1,CMV/EBV,No,>10,1081956
Human,1,CMV/EBV,Yes,1,340282
Human,1,CMV/EBV,Yes,2,38591
Human,1,CMV/EBV,Yes,3,14832
Human,1,CMV/EBV,Yes,4,9432
Human,1,CMV/EBV,Yes,5,7341
Human,1,CMV/EBV,Yes,6,5787
Human,1,CMV/EBV,Yes,7,5039
Human,1,CMV/EBV,Yes,8,4557
Human,1,CMV/EBV,Yes,9,4104
Human,1,CMV/EBV,Yes,10,3588
Human,1,CMV/EBV,Yes,>10,59984
Human,2,CMV/EBV,No,1,2453
Human,2,CMV/EBV,No,2,1014296
Human,2,CMV/EBV,No,3,391285
Human,2,CMV/EBV,No,4,193823
Human,2,CMV/EBV,No,5,114999
Human,2,CMV/EBV,No,6,75922
Human,2,CMV/EBV,No,7,53707
Human,2,CMV/EBV,No,8,40866
Human,2,CMV/EBV,No,9,31879
Human,2,CMV/EBV,No,10,25975
Human,2,CMV/EBV,No,>10,256616
Human,2,CMV/EBV,Yes,2,23780
Human,2,CMV/EBV,Yes,3,10517
Human,2,CMV/EBV,Yes,4,5948
Human,2,CMV/EBV,Yes,5,3704
Human,2,CMV/EBV,Yes,6,2363
Human,2,CMV/EBV,Yes,7,1812
Human,2,CMV/EBV,Yes,8,1429
Human,2,CMV/EBV,Yes,9,1120
Human,2,CMV/EBV,Yes,10,987
Human,2,CMV/EBV,Yes,>10,13025
Human,3,CMV/EBV,No,1,1
Human,3,CMV/EBV,No,2,96
Human,3,CMV/EBV,No,3,231954
Human,3,CMV/EBV,No,4,174738
Human,3,CMV/EBV,No,5,123157
Human,3,CMV/EBV,No,6,89194
Human,3,CMV/EBV,No,7,66321
Human,3,CMV/EBV,No,8,51181
Human,3,CMV/EBV,No,9,40540
Human,3,CMV/EBV,No,10,32853
Human,3,CMV/EBV,No,>10,294622
Human,3,CMV/EBV,Yes,3,6295
Human,3,CMV/EBV,Yes,4,5109
Human,3,CMV/EBV,Yes,5,3972
Human,3,CMV/EBV,Yes,6,3047
Human,3,CMV/EBV,Yes,7,2251
Human,3,CMV/EBV,Yes,8,1825
Human,3,CMV/EBV,Yes,9,1490
Human,3,CMV/EBV,Yes,10,1224
Human,3,CMV/EBV,Yes,>10,13003
Human,4,CMV/EBV,No,2,4
Human,4,CMV/EBV,No,3,19
Human,4,CMV/EBV,No,4,59561
Human,4,CMV/EBV,No,5,68997
Human,4,CMV/EBV,No,6,63332
Human,4,CMV/EBV,No,7,55381
Human,4,CMV/EBV,No,8,47117
Human,4,CMV/EBV,No,9,40249
Human,4,CMV/EBV,No,10,34375
Human,4,CMV/EBV,No,>10,368297
Human,4,CMV/EBV,Yes,4,1516
Human,4,CMV/EBV,Yes,5,2017
Human,4,CMV/EBV,Yes,6,1965
Human,4,CMV/EBV,Yes,7,1834
Human,4,CMV/EBV,Yes,8,1586
Human,4,CMV/EBV,Yes,9,1355
Human,4,CMV/EBV,Yes,10,1220
Human,4,CMV/EBV,Yes,>10,14778
Human,5,CMV/EBV,No,4,4
Human,5,CMV/EBV,No,5,14543
Human,5,CMV/EBV,No,6,23386
Human,5,CMV/EBV,No,7,26829
Human,5,CMV/EBV,No,8,27528
Human,5,CMV/EBV,No,9,26834
Human,5,CMV/EBV,No,10,24839
Human,5,CMV/EBV,No,>10,385290
Human,5,CMV/EBV,Yes,5,337
Human,5,CMV/EBV,Yes,6,628
Human,5,CMV/EBV,Yes,7,804
Human,5,CMV/EBV,Yes,8,798
Human,5,CMV/EBV,Yes,9,817
Human,5,CMV/EBV,Yes,10,836
Human,5,CMV/EBV,Yes,>10,15042
Human,6,CMV/EBV,No,5,1
Human,6,CMV/EBV,No,6,3162
Human,6,CMV/EBV,No,7,6662
Human,6,CMV/EBV,No,8,9505
Human,6,CMV/EBV,No,9,11493
Human,6,CMV/EBV,No,10,12308
Human,6,CMV/EBV,No,>10,341824
Human,6,CMV/EBV,Yes,6,74
Human,6,CMV/EBV,Yes,7,143
Human,6,CMV/EBV,Yes,8,233
Human,6,CMV/EBV,Yes,9,288
Human,6,CMV/EBV,Yes,10,359
Human,6,CMV/EBV,Yes,>10,13070
Human,7,CMV/EBV,No,7,651
Human,7,CMV/EBV,No,8,1775
Human,7,CMV/EBV,No,9,2868
Human,7,CMV/EBV,No,10,3949
Human,7,CMV/EBV,No,>10,280220
Human,7,CMV/EBV,Yes,7,12
Human,7,CMV/EBV,Yes,8,34
Human,7,CMV/EBV,Yes,9,64
Human,7,CMV/EBV,Yes,10,76
Human,7,CMV/EBV,Yes,>10,10637
Human,8,CMV/EBV,No,8,120
Human,8,CMV/EBV,No,9,365
Human,8,CMV/EBV,No,10,731
Human,8,CMV/EBV,No,>10,222840
Human,8,CMV/EBV,Yes,8,2
Human,8,CMV/EBV,Yes,9,9
Human,8,CMV/EBV,Yes,10,10
Human,8,CMV/EBV,Yes,>10,8074
Human,9,CMV/EBV,No,9,13
Human,9,CMV/EBV,No,10,72
Human,9,CMV/EBV,No,>10,175019
Human,9,CMV/EBV,Yes,>10,6410
Human,10,CMV/EBV,No,10,5
Human,10,CMV/EBV,No,>10,137397
Human,10,CMV/EBV,Yes,>10,5006
Human,11,CMV/EBV,No,>10,107988
Human,11,CMV/EBV,Yes,>10,3867
Human,12,CMV/EBV,No,>10,82969
Human,12,CMV/EBV,Yes,>10,3022
Human,13,CMV/EBV,No,>10,62175
Human,13,CMV/EBV,Yes,>10,2449
Human,14,CMV/EBV,No,>10,46526
Human,14,CMV/EBV,Yes,>10,1932
Human,15,CMV/EBV,No,>10,34999
Human,15,CMV/EBV,Yes,>10,1607
Human,16,CMV/EBV,No,>10,26465
Human,16,CMV/EBV,Yes,>10,1412
Human,17,CMV/EBV,No,>10,20235
Human,17,CMV/EBV,Yes,>10,1178
Human,18,CMV/EBV,No,>10,14720
Human,18,CMV/EBV,Yes,>10,845
Human,19,CMV/EBV,No,>10,11205
Human,19,CMV/EBV,Yes,>10,757
Human,20,CMV/EBV,No,>10,7818
Human,20,CMV/EBV,Yes,>10,717
Human,21,CMV/EBV,No,>10,3533
Human,21,CMV/EBV,Yes,>10,426
Human,22,CMV/EBV,No,>10,1262
Human,22,CMV/EBV,Yes,>10,218
Human,23,CMV/EBV,No,>10,329
Human,23,CMV/EBV,Yes,>10,90
Human,24,CMV/EBV,No,>10,46
Human,24,CMV/EBV,Yes,>10,20
Human,1,Dengue,No,1,440955
Human,1,Dengue,No,2,72907
Human,1,Dengue,No,3,17182
Human,1,Dengue,No,4,5072
Human,1,Dengue,No,5,1884
Human,1,Dengue,No,6,885
Human,1,Dengue,No,7,492
Human,1,Dengue,No,8,314
Human,1,Dengue,No,9,187
Human,1,Dengue,No,10,131
Human,1,Dengue,No,>10,394
Human,1,Dengue,Yes,1,23316
Human,1,Dengue,Yes,2,5498
Human,1,Dengue,Yes,3,1549
Human,1,Dengue,Yes,4,501
Human,1,Dengue,Yes,5,212
Human,1,Dengue,Yes,6,108
Human,1,Dengue,Yes,7,41
Human,1,Dengue,Yes,8,39
Human,1,Dengue,Yes,9,19
Human,1,Dengue,Yes,10,12
Human,1,Dengue,Yes,>10,59
Human,2,Dengue,No,1,36
Human,2,Dengue,No,2,17836
Human,2,Dengue,No,3,8993
Human,2,Dengue,No,4,4683
Human,2,Dengue,No,5,2679
Human,2,Dengue,No,6,1653
Human,2,Dengue,No,7,1089
Human,2,Dengue,No,8,725
Human,2,Dengue,No,9,573
Human,2,Dengue,No,10,412
Human,2,Dengue,No,>10,3478
Human,2,Dengue,Yes,1,2
Human,2,Dengue,Yes,2,1632
Human,2,Dengue,Yes,3,969
Human,2,Dengue,Yes,4,555
Human,2,Dengue,Yes,5,311
Human,2,Dengue,Yes,6,202
Human,2,Dengue,Yes,7,137
Human,2,Dengue,Yes,8,91
Human,2,Dengue,Yes,9,84
Human,2,Dengue,Yes,10,66
Human,2,Dengue,Yes,>10,369
Human,3,Dengue,No,1,1
Human,3,Dengue,No,2,3
Human,3,Dengue,No,3,4141
Human,3,Dengue,No,4,3712
Human,3,Dengue,No,5,2756
Human,3,Dengue,No,6,2053
Human,3,Dengue,No,7,1614
Human,3,Dengue,No,8,1209
Human,3,Dengue,No,9,934
Human,3,Dengue,No,10,713
Human,3,Dengue,No,>10,5858
Human,3,Dengue,Yes,3,400
Human,3,Dengue,Yes,4,366
Human,3,Dengue,Yes,5,323
Human,3,Dengue,Yes,6,259
Human,3,Dengue,Yes,7,193
Human,3,Dengue,Yes,8,148
Human,3,Dengue,Yes,9,127
Human,3,Dengue,Yes,10,109
Human,3,Dengue,Yes,>10,724
Human,4,Dengue,No,3,2
Human,4,Dengue,No,4,1113
Human,4,Dengue,No,5,1498
Human,4,Dengue,No,6,1454
Human,4,Dengue,No,7,1265
Human,4,Dengue,No,8,1150
Human,4,Dengue,No,9,981
Human,4,Dengue,No,10,892
Human,4,Dengue,No,>10,8833
Human,4,Dengue,Yes,4,97
Human,4,Dengue,Yes,5,141
Human,4,Dengue,Yes,6,151
Human,4,Dengue,Yes,7,142
Human,4,Dengue,Yes,8,124
Human,4,Dengue,Yes,9,105
Human,4,Dengue,Yes,10,89
Human,4,Dengue,Yes,>10,1041
Human,5,Dengue,No,4,1
Human,5,Dengue,No,5,299
Human,5,Dengue,No,6,533
Human,5,Dengue,No,7,589
Human,5,Dengue,No,8,658
Human,5,Dengue,No,9,666
Human,5,Dengue,No,10,636
Human,5,Dengue,No,>10,10808
Human,5,Dengue,Yes,5,17
Human,5,Dengue,Yes,6,28
Human,5,Dengue,Yes,7,63
Human,5,Dengue,Yes,8,61
Human,5,Dengue,Yes,9,63
Human,5,Dengue,Yes,10,71
Human,5,Dengue,Yes,>10,1254
Human,6,Dengue,No,6,67
Human,6,Dengue,No,7,150
Human,6,Dengue,No,8,228
Human,6,Dengue,No,9,285
Human,6,Dengue,No,10,291
Human,6,Dengue,No,>10,11611
Human,6,Dengue,Yes,6,1
Human,6,Dengue,Yes,7,11
Human,6,Dengue,Yes,8,24
Human,6,Dengue,Yes,9,16
Human,6,Dengue,Yes,10,24
Human,6,Dengue,Yes,>10,1219
Human,7,Dengue,No,7,16
Human,7,Dengue,No,8,28
Human,7,Dengue,No,9,66
Human,7,Dengue,No,10,83
Human,7,Dengue,No,>10,11733
Human,7,Dengue,Yes,8,1
Human,7,Dengue,Yes,9,2
Human,7,Dengue,Yes,10,12
Human,7,Dengue,Yes,>10,1084
Human,8,Dengue,No,8,5
Human,8,Dengue,No,9,6
Human,8,Dengue,No,10,27
Human,8,Dengue,No,>10,10619
Human,8,Dengue,Yes,10,3
Human,8,Dengue,Yes,>10,976
Human,9,Dengue,No,10,1
Human,9,Dengue,No,>10,9841
Human,9,Dengue,Yes,>10,901
Human,10,Dengue,No,>10,9113
Human,10,Dengue,Yes,>10,829
Human,11,Dengue,No,>10,8756
Human,11,Dengue,Yes,>10,663
Human,12,Dengue,No,>10,8528
Human,12,Dengue,Yes,>10,609
Human,13,Dengue,No,>10,8281
Human,13,Dengue,Yes,>10,563
Human,14,Dengue,No,>10,7968
Human,14,Dengue,Yes,>10,480
Human,15,Dengue,No,>10,8202
Human,15,Dengue,Yes,>10,498
Human,16,Dengue,No,>10,7875
Human,16,Dengue,Yes,>10,455
Human,17,Dengue,No,>10,7731
Human,17,Dengue,Yes,>10,502
Human,18,Dengue,No,>10,7872
Human,18,Dengue,Yes,>10,476
Human,19,Dengue,No,>10,7503
Human,19,Dengue,Yes,>10,503
Human,20,Dengue,No,>10,6823
Human,20,Dengue,Yes,>10,657
Human,21,Dengue,No,>10,3342
Human,21,Dengue,Yes,>10,407
Human,22,Dengue,No,>10,1242
Human,22,Dengue,Yes,>10,217
Human,23,Dengue,No,>10,329
Human,23,Dengue,Yes,>10,90
Human,24,Dengue,No,>10,46
Human,24,Dengue,Yes,>10,20
Human,1,EBV,No,1,7035055
Human,1,EBV,No,2,291026
Human,1,EBV,No,3,91294
Human,1,EBV,No,4,44347
Human,1,EBV,No,5,26192
Human,1,EBV,No,6,17224
Human,1,EBV,No,7,12757
Human,1,EBV,No,8,9670
Human,1,EBV,No,9,7827
Human,1,EBV,No,10,6333
Human,1,EBV,No,>10,77302
Human,1,EBV,Yes,1,11590
Human,1,EBV,Yes,2,1931
Human,1,EBV,Yes,3,859
Human,1,EBV,Yes,4,556
Human,1,EBV,Yes,5,371
Human,1,EBV,Yes,6,339
Human,1,EBV,Yes,7,247
Human,1,EBV,Yes,8,229
Human,1,EBV,Yes,9,170
Human,1,EBV,Yes,10,156
Human,1,EBV,Yes,>10,2485
Human,2,EBV,No,1,2318
Human,2,EBV,No,2,238277
Human,2,EBV,No,3,88887
Human,2,EBV,No,4,44107
Human,2,EBV,No,5,26129
Human,2,EBV,No,6,17102
Human,2,EBV,No,7,11989
Human,2,EBV,No,8,8947
Human,2,EBV,No,9,6662
Human,2,EBV,No,10,5304
Human,2,EBV,No,>10,49067
Human,2,EBV,Yes,2,4532
Human,2,EBV,Yes,3,1735
Human,2,EBV,Yes,4,970
Human,2,EBV,Yes,5,559
Human,2,EBV,Yes,6,347
Human,2,EBV,Yes,7,253
Human,2,EBV,Yes,8,181
Human,2,EBV,Yes,9,172
Human,2,EBV,Yes,10,124
Human,2,EBV,Yes,>10,1506
Human,3,EBV,No,2,51
Human,3,EBV,No,3,48435
Human,3,EBV,No,4,33899
Human,3,EBV,No,5,22718
Human,3,EBV,No,6,15461
Human,3,EBV,No,7,11342
Human,3,EBV,No,8,8446
Human,3,EBV,No,9,6758
Human,3,EBV,No,10,5108
Human,3,EBV,No,>10,40095
Human,3,EBV,Yes,3,1663
Human,3,EBV,Yes,4,1258
Human,3,EBV,Yes,5,1015
Human,3,EBV,Yes,6,667
Human,3,EBV,Yes,7,512
Human,3,EBV,Yes,8,387
Human,3,EBV,Yes,9,306
Human,3,EBV,Yes,10,273
Human,3,EBV,Yes,>10,1903
Human,4,EBV,No,3,6
Human,4,EBV,No,4,13522
Human,4,EBV,No,5,14666
Human,4,EBV,No,6,12821
Human,4,EBV,No,7,10820
Human,4,EBV,No,8,8770
Human,4,EBV,No,9,7207
Human,4,EBV,No,10,6020
Human,4,EBV,No,>10,52516
Human,4,EBV,Yes,4,442
Human,4,EBV,Yes,5,559
Human,4,EBV,Yes,6,544
Human,4,EBV,Yes,7,461
Human,4,EBV,Yes,8,436
Human,4,EBV,Yes,9,320
Human,4,EBV,Yes,10,279
Human,4,EBV,Yes,>10,2694
Human,5,EBV,No,4,2
Human,5,EBV,No,5,3554
Human,5,EBV,No,6,5467
Human,5,EBV,No,7,6069
Human,5,EBV,No,8,5932
Human,5,EBV,No,9,5683
Human,5,EBV,No,10,5348
Human,5,EBV,No,>10,62535
Human,5,EBV,Yes,5,117
Human,5,EBV,Yes,6,189
Human,5,EBV,Yes,7,235
Human,5,EBV,Yes,8,244
Human,5,EBV,Yes,9,253
Human,5,EBV,Yes,10,234
Human,5,EBV,Yes,>10,3085
Human,6,EBV,No,5,1
Human,6,EBV,No,6,931
Human,6,EBV,No,7,1723
Human,6,EBV,No,8,2435
Human,6,EBV,No,9,2847
Human,6,EBV,No,10,3009
Human,6,EBV,No,>10,66275
Human,6,EBV,Yes,6,29
Human,6,EBV,Yes,7,50
Human,6,EBV,Yes,8,90
Human,6,EBV,Yes,9,106
Human,6,EBV,Yes,10,123
Human,6,EBV,Yes,>10,2967
Human,7,EBV,No,7,222
Human,7,EBV,No,8,512
Human,7,EBV,No,9,837
Human,7,EBV,No,10,1119
Human,7,EBV,No,>10,63159
Human,7,EBV,Yes,7,4
Human,7,EBV,Yes,8,21
Human,7,EBV,Yes,9,23
Human,7,EBV,Yes,10,20
Human,7,EBV,Yes,>10,2649
Human,8,EBV,No,8,43
Human,8,EBV,No,9,109
Human,8,EBV,No,10,230
Human,8,EBV,No,>10,55943
Human,8,EBV,Yes,8,1
Human,8,EBV,Yes,9,4
Human,8,EBV,Yes,10,3
Human,8,EBV,Yes,>10,2189
Human,9,EBV,No,9,9
Human,9,EBV,No,10,37
Human,9,EBV,No,>10,48335
Human,9,EBV,Yes,>10,1808
Human,10,EBV,No,10,3
Human,10,EBV,No,>10,42172
Human,10,EBV,Yes,>10,1535
Human,11,EBV,No,>10,37775
Human,11,EBV,Yes,>10,1338
Human,12,EBV,No,>10,34149
Human,12,EBV,Yes,>10,1239
Human,13,EBV,No,>10,29386
Human,13,EBV,Yes,>10,1139
Human,14,EBV,No,>10,25153
Human,14,EBV,Yes,>10,962
Human,15,EBV,No,>10,20961
Human,15,EBV,Yes,>10,948
Human,16,EBV,No,>10,17997
Human,16,EBV,Yes,>10,974
Human,17,EBV,No,>10,15106
Human,17,EBV,Yes,>10,846
Human,18,EBV,No,>10,11803
Human,18,EBV,Yes,>10,668
Human,19,EBV,No,>10,9806
Human,19,EBV,Yes,>10,673
Human,20,EBV,No,>10,7411
Human,20,EBV,Yes,>10,682
Human,21,EBV,No,>10,3457
Human,21,EBV,Yes,>10,422
Human,22,EBV,No,>10,1238
Human,22,EBV,Yes,>10,215
Human,23,EBV,No,>10,329
Human,23,EBV,Yes,>10,90
Human,24,EBV,No,>10,46
Human,24,EBV,Yes,>10,20
Human,1,Ebola,No,1,9658191
Human,1,Ebola,No,2,1102351
Human,1,Ebola,No,3,404661
Human,1,Ebola,No,4,208938
Human,1,Ebola,No,5,136129
Human,1,Ebola,No,6,100344
Human,1,Ebola,No,7,78997
Human,1,Ebola,No,8,64711
Human,1,Ebola,No,9,54341
Human,1,Ebola,No,10,46393
Human,1,Ebola,No,>10,493575
Human,1,Ebola,Yes,1,214192
Human,1,Ebola,Yes,2,42561
Human,1,Ebola,Yes,3,16254
Human,1,Ebola,Yes,4,8288
Human,1,Ebola,Yes,5,5532
Human,1,Ebola,Yes,6,4174
Human,1,Ebola,Yes,7,3430
Human,1,Ebola,Yes,8,2882
Human,1,Ebola,Yes,9,2429
Human,1,Ebola,Yes,10,2098
Human,1,Ebola,Yes,>10,24907
Human,2,Ebola,No,1,379
Human,2,Ebola,No,2,447842
Human,2,Ebola,No,3,183241
Human,2,Ebola,No,4,95125
Human,2,Ebola,No,5,58117
Human,2,Ebola,No,6,38673
Human,2,Ebola,No,7,27102
Human,2,Ebola,No,8,20813
Human,2,Ebola,No,9,16168
Human,2,Ebola,No,10,12945
Human,2,Ebola,No,>10,120199
Human,2,Ebola,Yes,2,14992
Human,2,Ebola,Yes,3,8182
Human,2,Ebola,Yes,4,5103
Human,2,Ebola,Yes,5,3207
Human,2,Ebola,Yes,6,2285
Human,2,Ebola,Yes,7,1571
Human,2,Ebola,Yes,8,1166
Human,2,Ebola,Yes,9,917
Human,2,Ebola,Yes,10,749
Human,2,Ebola,Yes,>10,7747
Human,3,Ebola,No,1,1
Human,3,Ebola,No,2,102
Human,3,Ebola,No,3,116455
Human,3,Ebola,No,4,89007
Human,3,Ebola,No,5,64268
Human,3,Ebola,No,6,47865
Human,3,Ebola,No,7,36419
Human,3,Ebola,No,8,28679
Human,3,Ebola,No,9,22898
Human,3,Ebola,No,10,18700
Human,3,Ebola,No,>10,167180
Human,3,Ebola,Yes,3,3498
Human,3,Ebola,Yes,4,3329
Human,3,Ebola,Yes,5,2730
Human,3,Ebola,Yes,6,2214
Human,3,Ebola,Yes,7,1873
Human,3,Ebola,Yes,8,1441
Human,3,Ebola,Yes,9,1167
Human,3,Ebola,Yes,10,930
Human,3,Ebola,Yes,>10,9392
Human,4,Ebola,No,2,1
Human,4,Ebola,No,3,29
Human,4,Ebola,No,4,32389
Human,4,Ebola,No,5,37379
Human,4,Ebola,No,6,34566
Human,4,Ebola,No,7,30373
Human,4,Ebola,No,8,26409
Human,4,Ebola,No,9,22810
Human,4,Ebola,No,10,19949
Human,4,Ebola,No,>10,225561
Human,4,Ebola,Yes,4,884
Human,4,Ebola,Yes,5,1160
Human,4,Ebola,Yes,6,1232
Human,4,Ebola,Yes,7,1207
Human,4,Ebola,Yes,8,1059
Human,4,Ebola,Yes,9,1017
Human,4,Ebola,Yes,10,915
Human,4,Ebola,Yes,>10,11448
Human,5,Ebola,No,4,3
Human,5,Ebola,No,5,8553
Human,5,Ebola,No,6,13664
Human,5,Ebola,No,7,15786
Human,5,Ebola,No,8,16215
Human,5,Ebola,No,9,15694
Human,5,Ebola,No,10,14742
Human,5,Ebola,No,>10,253385
Human,5,Ebola,Yes,5,186
Human,5,Ebola,Yes,6,338
Human,5,Ebola,Yes,7,480
Human,5,Ebola,Yes,8,474
Human,5,Ebola,Yes,9,566
Human,5,Ebola,Yes,10,527
Human,5,Ebola,Yes,>10,11886
Human,6,Ebola,No,5,1
Human,6,Ebola,No,6,2020
Human,6,Ebola,No,7,4190
Human,6,Ebola,No,8,5933
Human,6,Ebola,No,9,7000
Human,6,Ebola,No,10,7720
Human,6,Ebola,No,>10,232494
Human,6,Ebola,Yes,6,40
Human,6,Ebola,Yes,7,100
Human,6,Ebola,Yes,8,131
Human,6,Ebola,Yes,9,177
Human,6,Ebola,Yes,10,217
Human,6,Ebola,Yes,>10,10778
Human,7,Ebola,No,7,429
Human,7,Ebola,No,8,1189
Human,7,Ebola,No,9,1920
Human,7,Ebola,No,10,2670
Human,7,Ebola,No,>10,199232
Human,7,Ebola,Yes,7,4
Human,7,Ebola,Yes,8,22
Human,7,Ebola,Yes,9,36
Human,7,Ebola,Yes,10,52
Human,7,Ebola,Yes,>10,8998
Human,8,Ebola,No,8,93
Human,8,Ebola,No,9,246
Human,8,Ebola,No,10,520
Human,8,Ebola,No,>10,168234
Human,8,Ebola,Yes,8,2
Human,8,Ebola,Yes,9,7
Human,8,Ebola,Yes,10,5
Human,8,Ebola,Yes,>10,7049
Human,9,Ebola,No,9,13
Human,9,Ebola,No,10,39
Human,9,Ebola,No,>10,140342
Human,9,Ebola,Yes,>10,5778
Human,10,Ebola,No,10,2
Human,10,Ebola,No,>10,116113
Human,10,Ebola,Yes,>10,4524
Human,11,Ebola,No,>10,95249
Human,11,Ebola,Yes,>10,3627
Human,12,Ebola,No,>10,75702
Human,12,Ebola,Yes,>10,2869
Human,13,Ebola,No,>10,58342
Human,13,Ebola,Yes,>10,2341
Human,14,Ebola,No,>10,44198
Human,14,Ebola,Yes,>10,1881
Human,15,Ebola,No,>10,34131
Human,15,Ebola,Yes,>10,1594
Human,16,Ebola,No,>10,26328
Human,16,Ebola,Yes,>10,1412
Human,17,Ebola,No,>10,20225
Human,17,Ebola,Yes,>10,1181
Human,18,Ebola,No,>10,14728
Human,18,Ebola,Yes,>10,844
Human,19,Ebola,No,>10,11203
Human,19,Ebola,Yes,>10,757
Human,20,Ebola,No,>10,7818
Human,20,Ebola,Yes,>10,717
Human,21,Ebola,No,>10,3533
Human,21,Ebola,Yes,>10,426
Human,22,Ebola,No,>10,1262
Human,22,Ebola,Yes,>10,218
Human,23,Ebola,No,>10,329
Human,23,Ebola,Yes,>10,90
Human,24,Ebola,No,>10,46
Human,24,Ebola,Yes,>10,20
Human,1,HCV,No,1,3128207
Human,1,HCV,No,2,239432
Human,1,HCV,No,3,89464
Human,1,HCV,No,4,49931
Human,1,HCV,No,5,32667
Human,1,HCV,No,6,22810
Human,1,HCV,No,7,16616
Human,1,HCV,No,8,12313
Human,1,HCV,No,9,9337
Human,1,HCV,No,10,7349
Human,1,HCV,No,>10,38752
Human,1,HCV,Yes,1,66052
Human,1,HCV,Yes,2,8146
Human,1,HCV,Yes,3,2791
Human,1,HCV,Yes,4,1734
Human,1,HCV,Yes,5,1198
Human,1,HCV,Yes,6,953
Human,1,HCV,Yes,7,703
Human,1,HCV,Yes,8,508
Human,1,HCV,Yes,9,394
Human,1,HCV,Yes,10,308
Human,1,HCV,Yes,>10,1891
Human,2,HCV,No,1,60
Human,2,HCV,No,2,82509
Human,2,HCV,No,3,34962
Human,2,HCV,No,4,18958
Human,2,HCV,No,5,12055
Human,2,HCV,No,6,8105
Human,2,HCV,No,7,5807
Human,2,HCV,No,8,4431
Human,2,HCV,No,9,3283
Human,2,HCV,No,10,2596
Human,2,HCV,No,>10,21820
Human,2,HCV,Yes,2,4936
Human,2,HCV,Yes,3,2148
Human,2,HCV,Yes,4,1304
Human,2,HCV,Yes,5,724
Human,2,HCV,Yes,6,502
Human,2,HCV,Yes,7,371
Human,2,HCV,Yes,8,263
Human,2,HCV,Yes,9,238
Human,2,HCV,Yes,10,161
Human,2,HCV,Yes,>10,1279
Human,3,HCV,No,2,32
Human,3,HCV,No,3,19814
Human,3,HCV,No,4,15383
Human,3,HCV,No,5,11549
Human,3,HCV,No,6,8545
Human,3,HCV,No,7,6628
Human,3,HCV,No,8,5100
Human,3,HCV,No,9,4134
Human,3,HCV,No,10,3434
Human,3,HCV,No,>10,28736
Human,3,HCV,Yes,3,1128
Human,3,HCV,Yes,4,961
Human,3,HCV,Yes,5,769
Human,3,HCV,Yes,6,598
Human,3,HCV,Yes,7,484
Human,3,HCV,Yes,8,386
Human,3,HCV,Yes,9,301
Human,3,HCV,Yes,10,267
Human,3,HCV,Yes,>10,2019
Human,4,HCV,No,2,2
Human,4,HCV,No,3,16
Human,4,HCV,No,4,5595
Human,4,HCV,No,5,6531
Human,4,HCV,No,6,6095
Human,4,HCV,No,7,5403
Human,4,HCV,No,8,4727
Human,4,HCV,No,9,4097
Human,4,HCV,No,10,3588
Human,4,HCV,No,>10,38469
Human,4,HCV,Yes,4,298
Human,4,HCV,Yes,5,386
Human,4,HCV,Yes,6,354
Human,4,HCV,Yes,7,365
Human,4,HCV,Yes,8,341
Human,4,HCV,Yes,9,288
Human,4,HCV,Yes,10,252
Human,4,HCV,Yes,>10,2931
Human,5,HCV,No,5,1582
Human,5,HCV,No,6,2449
Human,5,HCV,No,7,2837
Human,5,HCV,No,8,2904
Human,5,HCV,No,9,2850
Human,5,HCV,No,10,2738
Human,5,HCV,No,>10,45332
Human,5,HCV,Yes,5,66
Human,5,HCV,Yes,6,130
Human,5,HCV,Yes,7,156
Human,5,HCV,Yes,8,139
Human,5,HCV,Yes,9,155
Human,5,HCV,Yes,10,168
Human,5,HCV,Yes,>10,3303
Human,6,HCV,No,5,1
Human,6,HCV,No,6,404
Human,6,HCV,No,7,742
Human,6,HCV,No,8,1036
Human,6,HCV,No,9,1280
Human,6,HCV,No,10,1350
Human,6,HCV,No,>10,47734
Human,6,HCV,Yes,6,16
Human,6,HCV,Yes,7,35
Human,6,HCV,Yes,8,44
Human,6,HCV,Yes,9,70
Human,6,HCV,Yes,10,71
Human,6,HCV,Yes,>10,3261
Human,7,HCV,No,7,66
Human,7,HCV,No,8,203
Human,7,HCV,No,9,365
Human,7,HCV,No,10,461
Human,7,HCV,No,>10,45903
Human,7,HCV,Yes,7,3
Human,7,HCV,Yes,8,11
Human,7,HCV,Yes,9,10
Human,7,HCV,Yes,10,26
Human,7,HCV,Yes,>10,2828
Human,8,HCV,No,8,20
Human,8,HCV,No,9,58
Human,8,HCV,No,10,103
Human,8,HCV,No,>10,42884
Human,8,HCV,Yes,9,4
Human,8,HCV,Yes,10,4
Human,8,HCV,Yes,>10,2523
Human,9,HCV,No,9,1
Human,9,HCV,No,10,6
Human,9,HCV,No,>10,40251
Human,9,HCV,Yes,>10,2254
Human,10,HCV,No,>10,37203
Human,10,HCV,Yes,>10,1977
Human,11,HCV,No,>10,34668
Human,11,HCV,Yes,>10,1736
Human,12,HCV,No,>10,32837
Human,12,HCV,Yes,>10,1555
Human,13,HCV,No,>10,30488
Human,13,HCV,Yes,>10,1375
Human,14,HCV,No,>10,27119
Human,14,HCV,Yes,>10,1143
Human,15,HCV,No,>10,23667
Human,15,HCV,Yes,>10,1030
Human,16,HCV,No,>10,20269
Human,16,HCV,Yes,>10,965
Human,17,HCV,No,>10,18043
Human,17,HCV,Yes,>10,1046
Human,18,HCV,No,>10,13910
Human,18,HCV,Yes,>10,787
Human,19,HCV,No,>10,11013
Human,19,HCV,Yes,>10,749
Human,20,HCV,No,>10,7788
Human,20,HCV,Yes,>10,717
Human,21,HCV,No,>10,3528
Human,21,HCV,Yes,>10,425
Human,22,HCV,No,>10,1262
Human,22,HCV,Yes,>10,218
Human,23,HCV,No,>10,329
Human,23,HCV,Yes,>10,90
Human,24,HCV,No,>10,46
Human,24,HCV,Yes,>10,20
Human,1,HIV,No,1,62984721
Human,1,HIV,No,2,6771338
Human,1,HIV,No,3,2519649
Human,1,HIV,No,4,1282618
Human,1,HIV,No,5,769724
Human,1,HIV,No,6,510073
Human,1,HIV,No,7,364101
Human,1,HIV,No,8,273619
Human,1,HIV,No,9,214579
Human,1,HIV,No,10,175193
Human,1,HIV,No,>10,1909659
Human,1,HIV,Yes,1,1004813
Human,1,HIV,Yes,2,143027
Human,1,HIV,Yes,3,56964
Human,1,HIV,Yes,4,31810
Human,1,HIV,Yes,5,20551
Human,1,HIV,Yes,6,14664
Human,1,HIV,Yes,7,10995
Human,1,HIV,Yes,8,8689
Human,1,HIV,Yes,9,7152
Human,1,HIV,Yes,10,5982
Human,1,HIV,Yes,>10,91271
Human,2,HIV,No,1,401
Human,2,HIV,No,2,1878171
Human,2,HIV,No,3,835708
Human,2,HIV,No,4,442613
Human,2,HIV,No,5,269118
Human,2,HIV,No,6,177234
Human,2,HIV,No,7,125048
Human,2,HIV,No,8,91717
Human,2,HIV,No,9,70571
Human,2,HIV,No,10,55997
Human,2,HIV,No,>10,474020
Human,2,HIV,Yes,2,48855
Human,2,HIV,Yes,3,25283
Human,2,HIV,Yes,4,15460
Human,2,HIV,Yes,5,9970
Human,2,HIV,Yes,6,6833
Human,2,HIV,Yes,7,4913
Human,2,HIV,Yes,8,3718
Human,2,HIV,Yes,9,3065
Human,2,HIV,Yes,10,2342
Human,2,HIV,Yes,>10,24638
Human,3,HIV,No,1,2
Human,3,HIV,No,2,160
Human,3,HIV,No,3,396099
Human,3,HIV,No,4,321093
Human,3,HIV,No,5,235142
Human,3,HIV,No,6,174280
Human,3,HIV,No,7,131464
Human,3,HIV,No,8,102101
Human,3,HIV,No,9,80537
Human,3,HIV,No,10,64519
Human,3,HIV,No,>10,543888
Human,3,HIV,Yes,3,10073
Human,3,HIV,Yes,4,9334
Human,3,HIV,Yes,5,7687
Human,3,HIV,Yes,6,6239
Human,3,HIV,Yes,7,4811
Human,3,HIV,Yes,8,3966
Human,3,HIV,Yes,9,3243
Human,3,HIV,Yes,10,2675
Human,3,HIV,Yes,>10,26020
Human,4,HIV,No,3,40
Human,4,HIV,No,4,92628
Human,4,HIV,No,5,113089
Human,4,HIV,No,6,106996
Human,4,HIV,No,7,94141
Human,4,HIV,No,8,81240
Human,4,HIV,No,9,69627
Human,4,HIV,No,10,59564
Human,4,HIV,No,>10,596218
Human,4,HIV,Yes,4,2218
Human,4,HIV,Yes,5,3007
Human,4,HIV,Yes,6,3154
Human,4,HIV,Yes,7,3080
Human,4,HIV,Yes,8,2775
Human,4,HIV,Yes,9,2598
Human,4,HIV,Yes,10,2269
Human,4,HIV,Yes,>10,28033
Human,5,HIV,No,4,7
Human,5,HIV,No,5,21040
Human,5,HIV,No,6,35048
Human,5,HIV,No,7,41318
Human,5,HIV,No,8,42807
Human,5,HIV,No,9,41602
Human,5,HIV,No,10,39365
Human,5,HIV,No,>10,577068
Human,5,HIV,Yes,5,453
Human,5,HIV,Yes,6,856
Human,5,HIV,Yes,7,1090
Human,5,HIV,Yes,8,1125
Human,5,HIV,Yes,9,1209
Human,5,HIV,Yes,10,1209
Human,5,HIV,Yes,>10,25725
Human,6,HIV,No,5,2
Human,6,HIV,No,6,4361
Human,6,HIV,No,7,9241
Human,6,HIV,No,8,13225
Human,6,HIV,No,9,16199
Human,6,HIV,No,10,17391
Human,6,HIV,No,>10,480794
Human,6,HIV,Yes,6,101
Human,6,HIV,Yes,7,193
Human,6,HIV,Yes,8,287
Human,6,HIV,Yes,9,358
Human,6,HIV,Yes,10,428
Human,6,HIV,Yes,>10,20265
Human,7,HIV,No,7,848
Human,7,HIV,No,8,2236
Human,7,HIV,No,9,3717
Human,7,HIV,No,10,5119
Human,7,HIV,No,>10,366555
Human,7,HIV,Yes,7,15
Human,7,HIV,Yes,8,47
Human,7,HIV,Yes,9,72
Human,7,HIV,Yes,10,98
Human,7,HIV,Yes,>10,14855
Human,8,HIV,No,8,148
Human,8,HIV,No,9,437
Human,8,HIV,No,10,884
Human,8,HIV,No,>10,273200
Human,8,HIV,Yes,8,1
Human,8,HIV,Yes,9,10
Human,8,HIV,Yes,10,11
Human,8,HIV,Yes,>10,10521
Human,9,HIV,No,9,17
Human,9,HIV,No,10,76
Human,9,HIV,No,>10,202533
Human,9,HIV,Yes,>10,7826
Human,10,HIV,No,10,5
Human,10,HIV,No,>10,151554
Human,10,HIV,Yes,>10,5719
Human,11,HIV,No,>10,115049
Human,11,HIV,Yes,>10,4232
Human,12,HIV,No,>10,86382
Human,12,HIV,Yes,>10,3213
Human,13,HIV,No,>10,63693
Human,13,HIV,Yes,>10,2525
Human,14,HIV,No,>10,47230
Human,14,HIV,Yes,>10,1968
Human,15,HIV,No,>10,35303
Human,15,HIV,Yes,>10,1627
Human,16,HIV,No,>10,26574
Human,16,HIV,Yes,>10,1422
Human,17,HIV,No,>10,20286
Human,17,HIV,Yes,>10,1183
Human,18,HIV,No,>10,14731
Human,18,HIV,Yes,>10,845
Human,19,HIV,No,>10,11206
Human,19,HIV,Yes,>10,757
Human,20,HIV,No,>10,7818
Human,20,HIV,Yes,>10,717
Human,21,HIV,No,>10,3533
Human,21,HIV,Yes,>10,426
Human,22,HIV,No,>10,1262
Human,22,HIV,Yes,>10,218
Human,23,HIV,No,>10,329
Human,23,HIV,Yes,>10,90
Human,24,HIV,No,>10,46
Human,24,HIV,Yes,>10,20
Human,1,Healthy/celiac-disease,No,1,13210516
Human,1,Healthy/celiac-disease,No,2,1975035
Human,1,Healthy/celiac-disease,No,3,1089924
Human,1,Healthy/celiac-disease,No,4,638974
Human,1,Healthy/celiac-disease,No,5,382385
Human,1,Healthy/celiac-disease,No,6,234703
Human,1,Healthy/celiac-disease,No,7,148801
Human,1,Healthy/celiac-disease,No,8,97932
Human,1,Healthy/celiac-disease,No,9,67313
Human,1,Healthy/celiac-disease,No,10,46898
Human,1,Healthy/celiac-disease,No,>10,202064
Human,1,Healthy/celiac-disease,Yes,1,328427
Human,1,Healthy/celiac-disease,Yes,2,135248
Human,1,Healthy/celiac-disease,Yes,3,85307
Human,1,Healthy/celiac-disease,Yes,4,53646
Human,1,Healthy/celiac-disease,Yes,5,33894
Human,1,Healthy/celiac-disease,Yes,6,21298
Human,1,Healthy/celiac-disease,Yes,7,14125
Human,1,Healthy/celiac-disease,Yes,8,9599
Human,1,Healthy/celiac-disease,Yes,9,6667
Human,1,Healthy/celiac-disease,Yes,10,4695
Human,1,Healthy/celiac-disease,Yes,>10,20319
Human,2,Healthy/celiac-disease,No,1,317
Human,2,Healthy/celiac-disease,No,2,701079
Human,2,Healthy/celiac-disease,No,3,286140
Human,2,Healthy/celiac-disease,No,4,156147
Human,2,Healthy/celiac-disease,No,5,97447
Human,2,Healthy/celiac-disease,No,6,64984
Human,2,Healthy/celiac-disease,No,7,44349
Human,2,Healthy/celiac-disease,No,8,32067
Human,2,Healthy/celiac-disease,No,9,23462
Human,2,Healthy/celiac-disease,No,10,17813
Human,2,Healthy/celiac-disease,No,>10,97628
Human,2,Healthy/celiac-disease,Yes,2,22746
Human,2,Healthy/celiac-disease,Yes,3,17243
Human,2,Healthy/celiac-disease,Yes,4,13674
Human,2,Healthy/celiac-disease,Yes,5,10315
Human,2,Healthy/celiac-disease,Yes,6,7960
Human,2,Healthy/celiac-disease,Yes,7,5881
Human,2,Healthy/celiac-disease,Yes,8,4275
Human,2,Healthy/celiac-disease,Yes,9,3350
Human,2,Healthy/celiac-disease,Yes,10,2616
Human,2,Healthy/celiac-disease,Yes,>10,15313
Human,3,Healthy/celiac-disease,No,1,1
Human,3,Healthy/celiac-disease,No,2,187
Human,3,Healthy/celiac-disease,No,3,168118
Human,3,Healthy/celiac-disease,No,4,125531
Human,3,Healthy/celiac-disease,No,5,89988
Human,3,Healthy/celiac-disease,No,6,65162
Human,3,Healthy/celiac-disease,No,7,48700
Human,3,Healthy/celiac-disease,No,8,37089
Human,3,Healthy/celiac-disease,No,9,28857
Human,3,Healthy/celiac-disease,No,10,22711
Human,3,Healthy/celiac-disease,No,>10,147678
Human,3,Healthy/celiac-disease,Yes,3,5048
Human,3,Healthy/celiac-disease,Yes,4,5581
Human,3,Healthy/celiac-disease,Yes,5,5239
Human,3,Healthy/celiac-disease,Yes,6,5042
Human,3,Healthy/celiac-disease,Yes,7,4231
Human,3,Healthy/celiac-disease,Yes,8,3650
Human,3,Healthy/celiac-disease,Yes,9,3175
Human,3,Healthy/celiac-disease,Yes,10,2559
Human,3,Healthy/celiac-disease,Yes,>10,20942
Human,4,Healthy/celiac-disease,No,2,5
Human,4,Healthy/celiac-disease,No,3,37
Human,4,Healthy/celiac-disease,No,4,44207
Human,4,Healthy/celiac-disease,No,5,51770
Human,4,Healthy/celiac-disease,No,6,47210
Human,4,Healthy/celiac-disease,No,7,40654
Human,4,Healthy/celiac-disease,No,8,34510
Human,4,Healthy/celiac-disease,No,9,28823
Human,4,Healthy/celiac-disease,No,10,24278
Human,4,Healthy/celiac-disease,No,>10,196183
Human,4,Healthy/celiac-disease,Yes,4,1205
Human,4,Healthy/celiac-disease,Yes,5,1797
Human,4,Healthy/celiac-disease,Yes,6,2012
Human,4,Healthy/celiac-disease,Yes,7,2158
Human,4,Healthy/celiac-disease,Yes,8,2090
Human,4,Healthy/celiac-disease,Yes,9,1914
Human,4,Healthy/celiac-disease,Yes,10,1879
Human,4,Healthy/celiac-disease,Yes,>10,23051
Human,5,Healthy/celiac-disease,No,4,7
Human,5,Healthy/celiac-disease,No,5,11364
Human,5,Healthy/celiac-disease,No,6,18322
Human,5,Healthy/celiac-disease,No,7,21228
Human,5,Healthy/celiac-disease,No,8,21627
Human,5,Healthy/celiac-disease,No,9,20684
Human,5,Healthy/celiac-disease,No,10,19120
Human,5,Healthy/celiac-disease,No,>10,221598
Human,5,Healthy/celiac-disease,Yes,5,259
Human,5,Healthy/celiac-disease,Yes,6,519
Human,5,Healthy/celiac-disease,Yes,7,673
Human,5,Healthy/celiac-disease,Yes,8,749
Human,5,Healthy/celiac-disease,Yes,9,836
Human,5,Healthy/celiac-disease,Yes,10,846
Human,5,Healthy/celiac-disease,Yes,>10,20990
Human,6,Healthy/celiac-disease,No,5,2
Human,6,Healthy/celiac-disease,No,6,2711
Human,6,Healthy/celiac-disease,No,7,5624
Human,6,Healthy/celiac-disease,No,8,7864
Human,6,Healthy/celiac-disease,No,9,9273
Human,6,Healthy/celiac-disease,No,10,9875
Human,6,Healthy/celiac-disease,No,>10,217487
Human,6,Healthy/celiac-disease,Yes,6,57
Human,6,Healthy/celiac-disease,Yes,7,119
Human,6,Healthy/celiac-disease,Yes,8,179
Human,6,Healthy/celiac-disease,Yes,9,240
Human,6,Healthy/celiac-disease,Yes,10,329
Human,6,Healthy/celiac-disease,Yes,>10,16439
Human,7,Healthy/celiac-disease,No,7,592
Human,7,Healthy/celiac-disease,No,8,1529
Human,7,Healthy/celiac-disease,No,9,2440
Human,7,Healthy/celiac-disease,No,10,3298
Human,7,Healthy/celiac-disease,No,>10,189695
Human,7,Healthy/celiac-disease,Yes,7,7
Human,7,Healthy/celiac-disease,Yes,8,31
Human,7,Healthy/celiac-disease,Yes,9,44
Human,7,Healthy/celiac-disease,Yes,10,80
Human,7,Healthy/celiac-disease,Yes,>10,12387
Human,8,Healthy/celiac-disease,No,8,108
Human,8,Healthy/celiac-disease,No,9,331
Human,8,Healthy/celiac-disease,No,10,623
Human,8,Healthy/celiac-disease,No,>10,154925
Human,8,Healthy/celiac-disease,Yes,8,1
Human,8,Healthy/celiac-disease,Yes,9,9
Human,8,Healthy/celiac-disease,Yes,10,8
Human,8,Healthy/celiac-disease,Yes,>10,8991
Human,9,Healthy/celiac-disease,No,9,15
Human,9,Healthy/celiac-disease,No,10,68
Human,9,Healthy/celiac-disease,No,>10,124828
Human,9,Healthy/celiac-disease,Yes,>10,6744
Human,10,Healthy/celiac-disease,No,10,4
Human,10,Healthy/celiac-disease,No,>10,101139
Human,10,Healthy/celiac-disease,Yes,>10,4998
Human,11,Healthy/celiac-disease,No,>10,82961
Human,11,Healthy/celiac-disease,Yes,>10,3790
Human,12,Healthy/celiac-disease,No,>10,66441
Human,12,Healthy/celiac-disease,Yes,>10,2883
Human,13,Healthy/celiac-disease,No,>10,51925
Human,13,Healthy/celiac-disease,Yes,>10,2334
Human,14,Healthy/celiac-disease,No,>10,40454
Human,14,Healthy/celiac-disease,Yes,>10,1848
Human,15,Healthy/celiac-disease,No,>10,31456
Human,15,Healthy/celiac-disease,Yes,>10,1522
Human,16,Healthy/celiac-disease,No,>10,24560
Human,16,Healthy/celiac-disease,Yes,>10,1359
Human,17,Healthy/celiac-disease,No,>10,19299
Human,17,Healthy/celiac-disease,Yes,>10,1141
Human,18,Healthy/celiac-disease,No,>10,14297
Human,18,Healthy/celiac-disease,Yes,>10,825
Human,19,Healthy/celiac-disease,No,>10,11043
Human,19,Healthy/celiac-disease,Yes,>10,745
Human,20,Healthy/celiac-disease,No,>10,7769
Human,20,Healthy/celiac-disease,Yes,>10,714
Human,21,Healthy/celiac-disease,No,>10,3522
Human,21,Healthy/celiac-disease,Yes,>10,426
Human,22,Healthy/celiac-disease,No,>10,1261
Human,22,Healthy/celiac-disease,Yes,>10,218
Human,23,Healthy/celiac-disease,No,>10,329
Human,23,Healthy/celiac-disease,Yes,>10,90
Human,24,Healthy/celiac-disease,No,>10,46
Human,24,Healthy/celiac-disease,Yes,>10,20
Human,1,Light-Chain-Amyloidosis,No,1,1200003
Human,1,Light-Chain-Amyloidosis,No,2,108224
Human,1,Light-Chain-Amyloidosis,No,3,36368
Human,1,Light-Chain-Amyloidosis,No,4,16596
Human,1,Light-Chain-Amyloidosis,No,5,9348
Human,1,Light-Chain-Amyloidosis,No,6,5854
Human,1,Light-Chain-Amyloidosis,No,7,4164
Human,1,Light-Chain-Amyloidosis,No,8,2980
Human,1,Light-Chain-Amyloidosis,No,9,2395
Human,1,Light-Chain-Amyloidosis,No,10,1785
Human,1,Light-Chain-Amyloidosis,No,>10,27216
Human,1,Light-Chain-Amyloidosis,Yes,1,9049
Human,1,Light-Chain-Amyloidosis,Yes,2,1432
Human,1,Light-Chain-Amyloidosis,Yes,3,639
Human,1,Light-Chain-Amyloidosis,Yes,4,381
Human,1,Light-Chain-Amyloidosis,Yes,5,241
Human,1,Light-Chain-Amyloidosis,Yes,6,176
Human,1,Light-Chain-Amyloidosis,Yes,7,123
Human,1,Light-Chain-Amyloidosis,Yes,8,86
Human,1,Light-Chain-Amyloidosis,Yes,9,84
Human,1,Light-Chain-Amyloidosis,Yes,10,54
Human,1,Light-Chain-Amyloidosis,Yes,>10,1126
Human,2,Light-Chain-Amyloidosis,No,1,3
Human,2,Light-Chain-Amyloidosis,No,2,50939
Human,2,Light-Chain-Amyloidosis,No,3,17386
Human,2,Light-Chain-Amyloidosis,No,4,8094
Human,2,Light-Chain-Amyloidosis,No,5,4550
Human,2,Light-Chain-Amyloidosis,No,6,2714
Human,2,Light-Chain-Amyloidosis,No,7,1952
Human,2,Light-Chain-Amyloidosis,No,8,1401
Human,2,Light-Chain-Amyloidosis,No,9,1016
Human,2,Light-Chain-Amyloidosis,No,10,771
Human,2,Light-Chain-Amyloidosis,No,>10,7584
Human,2,Light-Chain-Amyloidosis,Yes,2,766
Human,2,Light-Chain-Amyloidosis,Yes,3,321
Human,2,Light-Chain-Amyloidosis,Yes,4,191
Human,2,Light-Chain-Amyloidosis,Yes,5,137
Human,2,Light-Chain-Amyloidosis,Yes,6,73
Human,2,Light-Chain-Amyloidosis,Yes,7,55
Human,2,Light-Chain-Amyloidosis,Yes,8,37
Human,2,Light-Chain-Amyloidosis,Yes,9,43
Human,2,Light-Chain-Amyloidosis,Yes,10,21
Human,2,Light-Chain-Amyloidosis,Yes,>10,283
Human,3,Light-Chain-Amyloidosis,No,3,15019
Human,3,Light-Chain-Amyloidosis,No,4,10147
Human,3,Light-Chain-Amyloidosis,No,5,6462
Human,3,Light-Chain-Amyloidosis,No,6,4471
Human,3,Light-Chain-Amyloidosis,No,7,3144
Human,3,Light-Chain-Amyloidosis,No,8,2379
Human,3,Light-Chain-Amyloidosis,No,9,1779
Human,3,Light-Chain-Amyloidosis,No,10,1360
Human,3,Light-Chain-Amyloidosis,No,>10,10869
Human,3,Light-Chain-Amyloidosis,Yes,3,246
Human,3,Light-Chain-Amyloidosis,Yes,4,213
Human,3,Light-Chain-Amyloidosis,Yes,5,136
Human,3,Light-Chain-Amyloidosis,Yes,6,102
Human,3,Light-Chain-Amyloidosis,Yes,7,85
Human,3,Light-Chain-Amyloidosis,Yes,8,62
Human,3,Light-Chain-Amyloidosis,Yes,9,43
Human,3,Light-Chain-Amyloidosis,Yes,10,35
Human,3,Light-Chain-Amyloidosis,Yes,>10,364
Human,4,Light-Chain-Amyloidosis,No,3,1
Human,4,Light-Chain-Amyloidosis,No,4,4541
Human,4,Light-Chain-Amyloidosis,No,5,5004
Human,4,Light-Chain-Amyloidosis,No,6,4308
Human,4,Light-Chain-Amyloidosis,No,7,3503
Human,4,Light-Chain-Amyloidosis,No,8,2907
Human,4,Light-Chain-Amyloidosis,No,9,2477
Human,4,Light-Chain-Amyloidosis,No,10,1925
Human,4,Light-Chain-Amyloidosis,No,>10,16885
Human,4,Light-Chain-Amyloidosis,Yes,4,85
Human,4,Light-Chain-Amyloidosis,Yes,5,118
Human,4,Light-Chain-Amyloidosis,Yes,6,78
Human,4,Light-Chain-Amyloidosis,Yes,7,97
Human,4,Light-Chain-Amyloidosis,Yes,8,64
Human,4,Light-Chain-Amyloidosis,Yes,9,63
Human,4,Light-Chain-Amyloidosis,Yes,10,49
Human,4,Light-Chain-Amyloidosis,Yes,>10,510
Human,5,Light-Chain-Amyloidosis,No,4,1
Human,5,Light-Chain-Amyloidosis,No,5,1407
Human,5,Light-Chain-Amyloidosis,No,6,2084
Human,5,Light-Chain-Amyloidosis,No,7,2361
Human,5,Light-Chain-Amyloidosis,No,8,2274
Human,5,Light-Chain-Amyloidosis,No,9,2022
Human,5,Light-Chain-Amyloidosis,No,10,1906
Human,5,Light-Chain-Amyloidosis,No,>10,23009
Human,5,Light-Chain-Amyloidosis,Yes,5,22
Human,5,Light-Chain-Amyloidosis,Yes,6,36
Human,5,Light-Chain-Amyloidosis,Yes,7,46
Human,5,Light-Chain-Amyloidosis,Yes,8,52
Human,5,Light-Chain-Amyloidosis,Yes,9,54
Human,5,Light-Chain-Amyloidosis,Yes,10,40
Human,5,Light-Chain-Amyloidosis,Yes,>10,668
Human,6,Light-Chain-Amyloidosis,No,6,376
Human,6,Light-Chain-Amyloidosis,No,7,736
Human,6,Light-Chain-Amyloidosis,No,8,915
Human,6,Light-Chain-Amyloidosis,No,9,1127
Human,6,Light-Chain-Amyloidosis,No,10,1176
Human,6,Light-Chain-Amyloidosis,No,>10,25965
Human,6,Light-Chain-Amyloidosis,Yes,6,7
Human,6,Light-Chain-Amyloidosis,Yes,7,11
Human,6,Light-Chain-Amyloidosis,Yes,8,15
Human,6,Light-Chain-Amyloidosis,Yes,9,18
Human,6,Light-Chain-Amyloidosis,Yes,10,18
Human,6,Light-Chain-Amyloidosis,Yes,>10,761
Human,7,Light-Chain-Amyloidosis,No,7,79
Human,7,Light-Chain-Amyloidosis,No,8,225
Human,7,Light-Chain-Amyloidosis,No,9,321
Human,7,Light-Chain-Amyloidosis,No,10,488
Human,7,Light-Chain-Amyloidosis,No,>10,26631
Human,7,Light-Chain-Amyloidosis,Yes,8,4
Human,7,Light-Chain-Amyloidosis,Yes,9,7
Human,7,Light-Chain-Amyloidosis,Yes,10,8
Human,7,Light-Chain-Amyloidosis,Yes,>10,750
Human,8,Light-Chain-Amyloidosis,No,8,19
Human,8,Light-Chain-Amyloidosis,No,9,67
Human,8,Light-Chain-Amyloidosis,No,10,87
Human,8,Light-Chain-Amyloidosis,No,>10,25032
Human,8,Light-Chain-Amyloidosis,Yes,9,2
Human,8,Light-Chain-Amyloidosis,Yes,10,1
Human,8,Light-Chain-Amyloidosis,Yes,>10,732
Human,9,Light-Chain-Amyloidosis,No,9,5
Human,9,Light-Chain-Amyloidosis,No,10,14
Human,9,Light-Chain-Amyloidosis,No,>10,22825
Human,9,Light-Chain-Amyloidosis,Yes,>10,672
Human,10,Light-Chain-Amyloidosis,No,10,2
Human,10,Light-Chain-Amyloidosis,No,>10,21393
Human,10,Light-Chain-Amyloidosis,Yes,>10,706
Human,11,Light-Chain-Amyloidosis,No,>10,20638
Human,11,Light-Chain-Amyloidosis,Yes,>10,650
Human,12,Light-Chain-Amyloidosis,No,>10,19422
Human,12,Light-Chain-Amyloidosis,Yes,>10,623
Human,13,Light-Chain-Amyloidosis,No,>10,17681
Human,13,Light-Chain-Amyloidosis,Yes,>10,645
Human,14,Light-Chain-Amyloidosis,No,>10,16895
Human,14,Light-Chain-Amyloidosis,Yes,>10,712
Human,15,Light-Chain-Amyloidosis,No,>10,15059
Human,15,Light-Chain-Amyloidosis,Yes,>10,744
Human,16,Light-Chain-Amyloidosis,No,>10,13544
Human,16,Light-Chain-Amyloidosis,Yes,>10,807
Human,17,Light-Chain-Amyloidosis,No,>10,12222
Human,17,Light-Chain-Amyloidosis,Yes,>10,758
Human,18,Light-Chain-Amyloidosis,No,>10,9744
Human,18,Light-Chain-Amyloidosis,Yes,>10,600
Human,19,Light-Chain-Amyloidosis,No,>10,8745
Human,19,Light-Chain-Amyloidosis,Yes,>10,629
Human,20,Light-Chain-Amyloidosis,No,>10,7079
Human,20,Light-Chain-Amyloidosis,Yes,>10,665
Human,21,Light-Chain-Amyloidosis,No,>10,3378
Human,21,Light-Chain-Amyloidosis,Yes,>10,405
Human,22,Light-Chain-Amyloidosis,No,>10,1241
Human,22,Light-Chain-Amyloidosis,Yes,>10,217
Human,23,Light-Chain-Amyloidosis,No,>10,324
Human,23,Light-Chain-Amyloidosis,Yes,>10,90
Human,24,Light-Chain-Amyloidosis,No,>10,46
Human,24,Light-Chain-Amyloidosis,Yes,>10,20
Human,1,MS,No,1,14024533
Human,1,MS,No,2,1281975
Human,1,MS,No,3,506017
Human,1,MS,No,4,279310
Human,1,MS,No,5,179059
Human,1,MS,No,6,126866
Human,1,MS,No,7,95251
Human,1,MS,No,8,74617
Human,1,MS,No,9,59615
Human,1,MS,No,10,48917
Human,1,MS,No,>10,485005
Human,1,MS,Yes,1,73235
Human,1,MS,Yes,2,15997
Human,1,MS,Yes,3,7756
Human,1,MS,Yes,4,5069
Human,1,MS,Yes,5,3454
Human,1,MS,Yes,6,2621
Human,1,MS,Yes,7,2171
Human,1,MS,Yes,8,1768
Human,1,MS,Yes,9,1384
Human,1,MS,Yes,10,1208
Human,1,MS,Yes,>10,15047
Human,2,MS,No,1,22
Human,2,MS,No,2,518943
Human,2,MS,No,3,194410
Human,2,MS,No,4,96101
Human,2,MS,No,5,57548
Human,2,MS,No,6,38058
Human,2,MS,No,7,27324
Human,2,MS,No,8,20521
Human,2,MS,No,9,15739
Human,2,MS,No,10,12849
Human,2,MS,No,>10,114911
Human,2,MS,Yes,2,6985
Human,2,MS,Yes,3,3226
Human,2,MS,Yes,4,2052
Human,2,MS,Yes,5,1273
Human,2,MS,Yes,6,964
Human,2,MS,Yes,7,638
Human,2,MS,Yes,8,565
Human,2,MS,Yes,9,442
Human,2,MS,Yes,10,338
Human,2,MS,Yes,>10,3847
Human,3,MS,No,2,18
Human,3,MS,No,3,133520
Human,3,MS,No,4,96057
Human,3,MS,No,5,65756
Human,3,MS,No,6,46635
Human,3,MS,No,7,34196
Human,3,MS,No,8,26120
Human,3,MS,No,9,20343
Human,3,MS,No,10,16372
Human,3,MS,No,>10,136220
Human,3,MS,Yes,3,2032
Human,3,MS,Yes,4,1755
Human,3,MS,Yes,5,1348
Human,3,MS,Yes,6,1063
Human,3,MS,Yes,7,785
Human,3,MS,Yes,8,670
Human,3,MS,Yes,9,527
Human,3,MS,Yes,10,428
Human,3,MS,Yes,>10,4400
Human,4,MS,No,3,7
Human,4,MS,No,4,37531
Human,4,MS,No,5,42254
Human,4,MS,No,6,38218
Human,4,MS,No,7,32132
Human,4,MS,No,8,27137
Human,4,MS,No,9,22948
Human,4,MS,No,10,18963
Human,4,MS,No,>10,178631
Human,4,MS,Yes,4,607
Human,4,MS,Yes,5,791
Human,4,MS,Yes,6,804
Human,4,MS,Yes,7,691
Human,4,MS,Yes,8,650
Human,4,MS,Yes,9,584
Human,4,MS,Yes,10,472
Human,4,MS,Yes,>10,5397
Human,5,MS,No,4,4
Human,5,MS,No,5,10179
Human,5,MS,No,6,15875
Human,5,MS,No,7,17924
Human,5,MS,No,8,18009
Human,5,MS,No,9,17279
Human,5,MS,No,10,16021
Human,5,MS,No,>10,209427
Human,5,MS,Yes,5,162
Human,5,MS,Yes,6,299
Human,5,MS,Yes,7,326
Human,5,MS,Yes,8,364
Human,5,MS,Yes,9,341
Human,5,MS,Yes,10,328
Human,5,MS,Yes,>10,6389
Human,6,MS,No,5,1
Human,6,MS,No,6,2403
Human,6,MS,No,7,4852
Human,6,MS,No,8,6832
Human,6,MS,No,9,8082
Human,6,MS,No,10,8491
Human,6,MS,No,>10,211565
Human,6,MS,Yes,6,36
Human,6,MS,Yes,7,69
Human,6,MS,Yes,8,117
Human,6,MS,Yes,9,146
Human,6,MS,Yes,10,164
Human,6,MS,Yes,>10,6250
Human,7,MS,No,7,509
Human,7,MS,No,8,1325
Human,7,MS,No,9,2152
Human,7,MS,No,10,2870
Human,7,MS,No,>10,190953
Human,7,MS,Yes,7,11
Human,7,MS,Yes,8,18
Human,7,MS,Yes,9,28
Human,7,MS,Yes,10,51
Human,7,MS,Yes,>10,5578
Human,8,MS,No,8,111
Human,8,MS,No,9,293
Human,8,MS,No,10,553
Human,8,MS,No,>10,161248
Human,8,MS,Yes,8,1
Human,8,MS,Yes,9,7
Human,8,MS,Yes,10,5
Human,8,MS,Yes,>10,4680
Human,9,MS,No,9,12
Human,9,MS,No,10,57
Human,9,MS,No,>10,134195
Human,9,MS,Yes,>10,3996
Human,10,MS,No,10,4
Human,10,MS,No,>10,110667
Human,10,MS,Yes,>10,3428
Human,11,MS,No,>10,92104
Human,11,MS,Yes,>10,2931
Human,12,MS,No,>10,74130
Human,12,MS,Yes,>10,2434
Human,13,MS,No,>10,57576
Human,13,MS,Yes,>10,2094
Human,14,MS,No,>10,44415
Human,14,MS,Yes,>10,1756
Human,15,MS,No,>10,34091
Human,15,MS,Yes,>10,1540
Human,16,MS,No,>10,26100
Human,16,MS,Yes,>10,1383
Human,17,MS,No,>10,20143
Human,17,MS,Yes,>10,1165
Human,18,MS,No,>10,14686
Human,18,MS,Yes,>10,842
Human,19,MS,No,>10,11199
Human,19,MS,Yes,>10,756
Human,20,MS,No,>10,7808
Human,20,MS,Yes,>10,717
Human,21,MS,No,>10,3533
Human,21,MS,Yes,>10,426
Human,22,MS,No,>10,1262
Human,22,MS,Yes,>10,218
Human,23,MS,No,>10,329
Human,23,MS,Yes,>10,90
Human,24,MS,No,>10,46
Human,24,MS,Yes,>10,20
Human,1,MuSK-MG,No,1,1062486
Human,1,MuSK-MG,No,2,68811
Human,1,MuSK-MG,No,3,34098
Human,1,MuSK-MG,No,4,20961
Human,1,MuSK-MG,No,5,14286
Human,1,MuSK-MG,No,6,10352
Human,1,MuSK-MG,No,7,7773
Human,1,MuSK-MG,No,8,6187
Human,1,MuSK-MG,No,9,4915
Human,1,MuSK-MG,No,10,4042
Human,1,MuSK-MG,No,>10,25885
Human,1,MuSK-MG,Yes,1,17242
Human,1,MuSK-MG,Yes,2,3194
Human,1,MuSK-MG,Yes,3,1901
Human,1,MuSK-MG,Yes,4,1249
Human,1,MuSK-MG,Yes,5,857
Human,1,MuSK-MG,Yes,6,616
Human,1,MuSK-MG,Yes,7,501
Human,1,MuSK-MG,Yes,8,346
Human,1,MuSK-MG,Yes,9,316
Human,1,MuSK-MG,Yes,10,270
Human,1,MuSK-MG,Yes,>10,1870
Human,2,MuSK-MG,No,1,52
Human,2,MuSK-MG,No,2,64414
Human,2,MuSK-MG,No,3,18528
Human,2,MuSK-MG,No,4,8941
Human,2,MuSK-MG,No,5,5514
Human,2,MuSK-MG,No,6,3683
Human,2,MuSK-MG,No,7,2654
Human,2,MuSK-MG,No,8,1947
Human,2,MuSK-MG,No,9,1524
Human,2,MuSK-MG,No,10,1235
Human,2,MuSK-MG,No,>10,9031
Human,2,MuSK-MG,Yes,1,1
Human,2,MuSK-MG,Yes,2,1127
Human,2,MuSK-MG,Yes,3,570
Human,2,MuSK-MG,Yes,4,403
Human,2,MuSK-MG,Yes,5,277
Human,2,MuSK-MG,Yes,6,226
Human,2,MuSK-MG,Yes,7,159
Human,2,MuSK-MG,Yes,8,139
Human,2,MuSK-MG,Yes,9,91
Human,2,MuSK-MG,Yes,10,84
Human,2,MuSK-MG,Yes,>10,684
Human,3,MuSK-MG,No,2,3
Human,3,MuSK-MG,No,3,19522
Human,3,MuSK-MG,No,4,12379
Human,3,MuSK-MG,No,5,8080
Human,3,MuSK-MG,No,6,5527
Human,3,MuSK-MG,No,7,4031
Human,3,MuSK-MG,No,8,3102
Human,3,MuSK-MG,No,9,2524
Human,3,MuSK-MG,No,10,2080
Human,3,MuSK-MG,No,>10,14942
Human,3,MuSK-MG,Yes,2,1
Human,3,MuSK-MG,Yes,3,335
Human,3,MuSK-MG,Yes,4,288
Human,3,MuSK-MG,Yes,5,228
Human,3,MuSK-MG,Yes,6,153
Human,3,MuSK-MG,Yes,7,136
Human,3,MuSK-MG,Yes,8,144
Human,3,MuSK-MG,Yes,9,85
Human,3,MuSK-MG,Yes,10,82
Human,3,MuSK-MG,Yes,>10,724
Human,4,MuSK-MG,No,4,6044
Human,4,MuSK-MG,No,5,6256
Human,4,MuSK-MG,No,6,5416
Human,4,MuSK-MG,No,7,4346
Human,4,MuSK-MG,No,8,3666
Human,4,MuSK-MG,No,9,2972
Human,4,MuSK-MG,No,10,2551
Human,4,MuSK-MG,No,>10,23844
Human,4,MuSK-MG,Yes,4,120
Human,4,MuSK-MG,Yes,5,138
Human,4,MuSK-MG,Yes,6,116
Human,4,MuSK-MG,Yes,7,108
Human,4,MuSK-MG,Yes,8,87
Human,4,MuSK-MG,Yes,9,89
Human,4,MuSK-MG,Yes,10,85
Human,4,MuSK-MG,Yes,>10,912
Human,5,MuSK-MG,No,4,1
Human,5,MuSK-MG,No,5,1776
Human,5,MuSK-MG,No,6,2668
Human,5,MuSK-MG,No,7,2885
Human,5,MuSK-MG,No,8,2746
Human,5,MuSK-MG,No,9,2697
Human,5,MuSK-MG,No,10,2439
Human,5,MuSK-MG,No,>10,30602
Human,5,MuSK-MG,Yes,5,39
Human,5,MuSK-MG,Yes,6,53
Human,5,MuSK-MG,Yes,7,48
Human,5,MuSK-MG,Yes,8,62
Human,5,MuSK-MG,Yes,9,84
Human,5,MuSK-MG,Yes,10,66
Human,5,MuSK-MG,Yes,>10,1043
Human,6,MuSK-MG,No,6,505
Human,6,MuSK-MG,No,7,891
Human,6,MuSK-MG,No,8,1241
Human,6,MuSK-MG,No,9,1411
Human,6,MuSK-MG,No,10,1522
Human,6,MuSK-MG,No,>10,34387
Human,6,MuSK-MG,Yes,6,8
Human,6,MuSK-MG,Yes,7,5
Human,6,MuSK-MG,Yes,8,23
Human,6,MuSK-MG,Yes,9,26
Human,6,MuSK-MG,Yes,10,36
Human,6,MuSK-MG,Yes,>10,1168
Human,7,MuSK-MG,No,7,120
Human,7,MuSK-MG,No,8,295
Human,7,MuSK-MG,No,9,488
Human,7,MuSK-MG,No,10,591
Human,7,MuSK-MG,No,>10,34769
Human,7,MuSK-MG,Yes,7,1
Human,7,MuSK-MG,Yes,8,5
Human,7,MuSK-MG,Yes,9,6
Human,7,MuSK-MG,Yes,10,13
Human,7,MuSK-MG,Yes,>10,1069
Human,8,MuSK-MG,No,8,22
Human,8,MuSK-MG,No,9,85
Human,8,MuSK-MG,No,10,128
Human,8,MuSK-MG,No,>10,32729
Human,8,MuSK-MG,Yes,9,1
Human,8,MuSK-MG,Yes,10,3
Human,8,MuSK-MG,Yes,>10,1005
Human,9,MuSK-MG,No,9,6
Human,9,MuSK-MG,No,10,16
Human,9,MuSK-MG,No,>10,30495
Human,9,MuSK-MG,Yes,>10,914
Human,10,MuSK-MG,No,10,1
Human,10,MuSK-MG,No,>10,27697
Human,10,MuSK-MG,Yes,>10,893
Human,11,MuSK-MG,No,>10,26077
Human,11,MuSK-MG,Yes,>10,840
Human,12,MuSK-MG,No,>10,24329
Human,12,MuSK-MG,Yes,>10,783
Human,13,MuSK-MG,No,>10,21905
Human,13,MuSK-MG,Yes,>10,806
Human,14,MuSK-MG,No,>10,20576
Human,14,MuSK-MG,Yes,>10,817
Human,15,MuSK-MG,No,>10,17993
Human,15,MuSK-MG,Yes,>10,865
Human,16,MuSK-MG,No,>10,16175
Human,16,MuSK-MG,Yes,>10,924
Human,17,MuSK-MG,No,>10,14267
Human,17,MuSK-MG,Yes,>10,848
Human,18,MuSK-MG,No,>10,11524
Human,18,MuSK-MG,Yes,>10,690
Human,19,MuSK-MG,No,>10,9848
Human,19,MuSK-MG,Yes,>10,681
Human,20,MuSK-MG,No,>10,7450
Human,20,MuSK-MG,Yes,>10,692
Human,21,MuSK-MG,No,>10,3448
Human,21,MuSK-MG,Yes,>10,421
Human,22,MuSK-MG,No,>10,1251
Human,22,MuSK-MG,Yes,>10,215
Human,23,MuSK-MG,No,>10,329
Human,23,MuSK-MG,Yes,>10,90
Human,24,MuSK-MG,No,>10,46
Human,24,MuSK-MG,Yes,>10,20
Human,1,Non-Dengue-Febrile-Illness,No,1,11129
Human,1,Non-Dengue-Febrile-Illness,No,2,2338
Human,1,Non-Dengue-Febrile-Illness,No,3,566
Human,1,Non-Dengue-Febrile-Illness,No,4,128
Human,1,Non-Dengue-Febrile-Illness,No,5,23
Human,1,Non-Dengue-Febrile-Illness,No,6,7
Human,1,Non-Dengue-Febrile-Illness,No,7,3
Human,1,Non-Dengue-Febrile-Illness,No,8,2
Human,1,Non-Dengue-Febrile-Illness,Yes,1,706
Human,1,Non-Dengue-Febrile-Illness,Yes,2,204
Human,1,Non-Dengue-Febrile-Illness,Yes,3,58
Human,1,Non-Dengue-Febrile-Illness,Yes,4,16
Human,1,Non-Dengue-Febrile-Illness,Yes,5,3
Human,1,Non-Dengue-Febrile-Illness,Yes,6,1
Human,1,Non-Dengue-Febrile-Illness,Yes,7,1
Human,2,Non-Dengue-Febrile-Illness,No,1,18
Human,2,Non-Dengue-Febrile-Illness,No,2,536
Human,2,Non-Dengue-Febrile-Illness,No,3,273
Human,2,Non-Dengue-Febrile-Illness,No,4,154
Human,2,Non-Dengue-Febrile-Illness,No,5,85
Human,2,Non-Dengue-Febrile-Illness,No,6,60
Human,2,Non-Dengue-Febrile-Illness,No,7,49
Human,2,Non-Dengue-Febrile-Illness,No,8,31
Human,2,Non-Dengue-Febrile-Illness,No,9,23
Human,2,Non-Dengue-Febrile-Illness,No,10,13
Human,2,Non-Dengue-Febrile-Illness,No,>10,103
Human,2,Non-Dengue-Febrile-Illness,Yes,1,2
Human,2,Non-Dengue-Febrile-Illness,Yes,2,62
Human,2,Non-Dengue-Febrile-Illness,Yes,3,26
Human,2,Non-Dengue-Febrile-Illness,Yes,4,22
Human,2,Non-Dengue-Febrile-Illness,Yes,5,16
Human,2,Non-Dengue-Febrile-Illness,Yes,6,5
Human,2,Non-Dengue-Febrile-Illness,Yes,7,4
Human,2,Non-Dengue-Febrile-Illness,Yes,8,3
Human,2,Non-Dengue-Febrile-Illness,Yes,>10,5
Human,3,Non-Dengue-Febrile-Illness,No,3,112
Human,3,Non-Dengue-Febrile-Illness,No,4,95
Human,3,Non-Dengue-Febrile-Illness,No,5,74
Human,3,Non-Dengue-Febrile-Illness,No,6,76
Human,3,Non-Dengue-Febrile-Illness,No,7,46
Human,3,Non-Dengue-Febrile-Illness,No,8,40
Human,3,Non-Dengue-Febrile-Illness,No,9,23
Human,3,Non-Dengue-Febrile-Illness,No,10,23
Human,3,Non-Dengue-Febrile-Illness,No,>10,168
Human,3,Non-Dengue-Febrile-Illness,Yes,3,12
Human,3,Non-Dengue-Febrile-Illness,Yes,4,19
Human,3,Non-Dengue-Febrile-Illness,Yes,5,10
Human,3,Non-Dengue-Febrile-Illness,Yes,6,9
Human,3,Non-Dengue-Febrile-Illness,Yes,7,4
Human,3,Non-Dengue-Febrile-Illness,Yes,8,5
Human,3,Non-Dengue-Febrile-Illness,Yes,9,2
Human,3,Non-Dengue-Febrile-Illness,Yes,10,4
Human,3,Non-Dengue-Febrile-Illness,Yes,>10,21
Human,4,Non-Dengue-Febrile-Illness,No,4,39
Human,4,Non-Dengue-Febrile-Illness,No,5,64
Human,4,Non-Dengue-Febrile-Illness,No,6,44
Human,4,Non-Dengue-Febrile-Illness,No,7,37
Human,4,Non-Dengue-Febrile-Illness,No,8,33
Human,4,Non-Dengue-Febrile-Illness,No,9,22
Human,4,Non-Dengue-Febrile-Illness,No,10,25
Human,4,Non-Dengue-Febrile-Illness,No,>10,282
Human,4,Non-Dengue-Febrile-Illness,Yes,4,2
Human,4,Non-Dengue-Febrile-Illness,Yes,5,4
Human,4,Non-Dengue-Febrile-Illness,Yes,6,3
Human,4,Non-Dengue-Febrile-Illness,Yes,7,7
Human,4,Non-Dengue-Febrile-Illness,Yes,8,3
Human,4,Non-Dengue-Febrile-Illness,Yes,9,4
Human,4,Non-Dengue-Febrile-Illness,Yes,10,1
Human,4,Non-Dengue-Febrile-Illness,Yes,>10,32
Human,5,Non-Dengue-Febrile-Illness,No,5,7
Human,5,Non-Dengue-Febrile-Illness,No,6,15
Human,5,Non-Dengue-Febrile-Illness,No,7,18
Human,5,Non-Dengue-Febrile-Illness,No,8,18
Human,5,Non-Dengue-Febrile-Illness,No,9,12
Human,5,Non-Dengue-Febrile-Illness,No,10,18
Human,5,Non-Dengue-Febrile-Illness,No,>10,347
Human,5,Non-Dengue-Febrile-Illness,Yes,5,2
Human,5,Non-Dengue-Febrile-Illness,Yes,6,2
Human,5,Non-Dengue-Febrile-Illness,Yes,7,5
Human,5,Non-Dengue-Febrile-Illness,Yes,9,4
Human,5,Non-Dengue-Febrile-Illness,Yes,10,1
Human,5,Non-Dengue-Febrile-Illness,Yes,>10,44
Human,6,Non-Dengue-Febrile-Illness,No,6,1
Human,6,Non-Dengue-Febrile-Illness,No,7,3
Human,6,Non-Dengue-Febrile-Illness,No,8,9
Human,6,Non-Dengue-Febrile-Illness,No,9,12
Human,6,Non-Dengue-Febrile-Illness,No,10,7
Human,6,Non-Dengue-Febrile-Illness,No,>10,363
Human,6,Non-Dengue-Febrile-Illness,Yes,8,1
Human,6,Non-Dengue-Febrile-Illness,Yes,9,1
Human,6,Non-Dengue-Febrile-Illness,Yes,>10,48
Human,7,Non-Dengue-Febrile-Illness,No,8,1
Human,7,Non-Dengue-Febrile-Illness,No,9,2
Human,7,Non-Dengue-Febrile-Illness,No,10,1
Human,7,Non-Dengue-Febrile-Illness,No,>10,344
Human,7,Non-Dengue-Febrile-Illness,Yes,9,1
Human,7,Non-Dengue-Febrile-Illness,Yes,>10,51
Human,8,Non-Dengue-Febrile-Illness,No,10,1
Human,8,Non-Dengue-Febrile-Illness,No,>10,378
Human,8,Non-Dengue-Febrile-Illness,Yes,>10,32
Human,9,Non-Dengue-Febrile-Illness,No,>10,382
Human,9,Non-Dengue-Febrile-Illness,Yes,>10,36
Human,10,Non-Dengue-Febrile-Illness,No,>10,310
Human,10,Non-Dengue-Febrile-Illness,Yes,>10,32
Human,11,Non-Dengue-Febrile-Illness,No,>10,280
Human,11,Non-Dengue-Febrile-Illness,Yes,>10,21
Human,12,Non-Dengue-Febrile-Illness,No,>10,267
Human,12,Non-Dengue-Febrile-Illness,Yes,>10,16
Human,13,Non-Dengue-Febrile-Illness,No,>10,265
Human,13,Non-Dengue-Febrile-Illness,Yes,>10,12
Human,14,Non-Dengue-Febrile-Illness,No,>10,276
Human,14,Non-Dengue-Febrile-Illness,Yes,>10,29
Human,15,Non-Dengue-Febrile-Illness,No,>10,291
Human,15,Non-Dengue-Febrile-Illness,Yes,>10,16
Human,16,Non-Dengue-Febrile-Illness,No,>10,307
Human,16,Non-Dengue-Febrile-Illness,Yes,>10,23
Human,17,Non-Dengue-Febrile-Illness,No,>10,315
Human,17,Non-Dengue-Febrile-Illness,Yes,>10,23
Human,18,Non-Dengue-Febrile-Illness,No,>10,391
Human,18,Non-Dengue-Febrile-Illness,Yes,>10,25
Human,19,Non-Dengue-Febrile-Illness,No,>10,474
Human,19,Non-Dengue-Febrile-Illness,Yes,>10,18
Human,20,Non-Dengue-Febrile-Illness,No,>10,637
Human,20,Non-Dengue-Febrile-Illness,Yes,>10,65
Human,21,Non-Dengue-Febrile-Illness,No,>10,747
Human,21,Non-Dengue-Febrile-Illness,Yes,>10,82
Human,22,Non-Dengue-Febrile-Illness,No,>10,410
Human,22,Non-Dengue-Febrile-Illness,Yes,>10,72
Human,23,Non-Dengue-Febrile-Illness,No,>10,178
Human,23,Non-Dengue-Febrile-Illness,Yes,>10,50
Human,24,Non-Dengue-Febrile-Illness,No,>10,46
Human,24,Non-Dengue-Febrile-Illness,Yes,>10,20
Human,1,Obstructive-Sleep-Apnea,No,1,5144799
Human,1,Obstructive-Sleep-Apnea,No,2,389350
Human,1,Obstructive-Sleep-Apnea,No,3,170176
Human,1,Obstructive-Sleep-Apnea,No,4,105039
Human,1,Obstructive-Sleep-Apnea,No,5,72704
Human,1,Obstructive-Sleep-Apnea,No,6,54484
Human,1,Obstructive-Sleep-Apnea,No,7,42093
Human,1,Obstructive-Sleep-Apnea,No,8,33616
Human,1,Obstructive-Sleep-Apnea,No,9,27730
Human,1,Obstructive-Sleep-Apnea,No,10,22780
Human,1,Obstructive-Sleep-Apnea,No,>10,156011
Human,1,Obstructive-Sleep-Apnea,Yes,1,97099
Human,1,Obstructive-Sleep-Apnea,Yes,2,13862
Human,1,Obstructive-Sleep-Apnea,Yes,3,7248
Human,1,Obstructive-Sleep-Apnea,Yes,4,4788
Human,1,Obstructive-Sleep-Apnea,Yes,5,3359
Human,1,Obstructive-Sleep-Apnea,Yes,6,2618
Human,1,Obstructive-Sleep-Apnea,Yes,7,2102
Human,1,Obstructive-Sleep-Apnea,Yes,8,1726
Human,1,Obstructive-Sleep-Apnea,Yes,9,1473
Human,1,Obstructive-Sleep-Apnea,Yes,10,1263
Human,1,Obstructive-Sleep-Apnea,Yes,>10,10545
Human,2,Obstructive-Sleep-Apnea,No,1,688
Human,2,Obstructive-Sleep-Apnea,No,2,298159
Human,2,Obstructive-Sleep-Apnea,No,3,95540
Human,2,Obstructive-Sleep-Apnea,No,4,45159
Human,2,Obstructive-Sleep-Apnea,No,5,26867
Human,2,Obstructive-Sleep-Apnea,No,6,18105
Human,2,Obstructive-Sleep-Apnea,No,7,13344
Human,2,Obstructive-Sleep-Apnea,No,8,10150
Human,2,Obstructive-Sleep-Apnea,No,9,8077
Human,2,Obstructive-Sleep-Apnea,No,10,6730
Human,2,Obstructive-Sleep-Apnea,No,>10,62366
Human,2,Obstructive-Sleep-Apnea,Yes,1,14
Human,2,Obstructive-Sleep-Apnea,Yes,2,5395
Human,2,Obstructive-Sleep-Apnea,Yes,3,2345
Human,2,Obstructive-Sleep-Apnea,Yes,4,1537
Human,2,Obstructive-Sleep-Apnea,Yes,5,1047
Human,2,Obstructive-Sleep-Apnea,Yes,6,855
Human,2,Obstructive-Sleep-Apnea,Yes,7,551
Human,2,Obstructive-Sleep-Apnea,Yes,8,464
Human,2,Obstructive-Sleep-Apnea,Yes,9,355
Human,2,Obstructive-Sleep-Apnea,Yes,10,376
Human,2,Obstructive-Sleep-Apnea,Yes,>10,3612
Human,3,Obstructive-Sleep-Apnea,No,1,8
Human,3,Obstructive-Sleep-Apnea,No,2,63
Human,3,Obstructive-Sleep-Apnea,No,3,89861
Human,3,Obstructive-Sleep-Apnea,No,4,59245
Human,3,Obstructive-Sleep-Apnea,No,5,37772
Human,3,Obstructive-Sleep-Apnea,No,6,26371
Human,3,Obstructive-Sleep-Apnea,No,7,18544
Human,3,Obstructive-Sleep-Apnea,No,8,14013
Human,3,Obstructive-Sleep-Apnea,No,9,11293
Human,3,Obstructive-Sleep-Apnea,No,10,8732
Human,3,Obstructive-Sleep-Apnea,No,>10,72543
Human,3,Obstructive-Sleep-Apnea,Yes,2,1
Human,3,Obstructive-Sleep-Apnea,Yes,3,1411
Human,3,Obstructive-Sleep-Apnea,Yes,4,1094
Human,3,Obstructive-Sleep-Apnea,Yes,5,868
Human,3,Obstructive-Sleep-Apnea,Yes,6,745
Human,3,Obstructive-Sleep-Apnea,Yes,7,597
Human,3,Obstructive-Sleep-Apnea,Yes,8,463
Human,3,Obstructive-Sleep-Apnea,Yes,9,393
Human,3,Obstructive-Sleep-Apnea,Yes,10,343
Human,3,Obstructive-Sleep-Apnea,Yes,>10,3293
Human,4,Obstructive-Sleep-Apnea,No,3,7
Human,4,Obstructive-Sleep-Apnea,No,4,28542
Human,4,Obstructive-Sleep-Apnea,No,5,29767
Human,4,Obstructive-Sleep-Apnea,No,6,25466
Human,4,Obstructive-Sleep-Apnea,No,7,20905
Human,4,Obstructive-Sleep-Apnea,No,8,17035
Human,4,Obstructive-Sleep-Apnea,No,9,13644
Human,4,Obstructive-Sleep-Apnea,No,10,11474
Human,4,Obstructive-Sleep-Apnea,No,>10,98057
Human,4,Obstructive-Sleep-Apnea,Yes,4,342
Human,4,Obstructive-Sleep-Apnea,Yes,5,442
Human,4,Obstructive-Sleep-Apnea,Yes,6,454
Human,4,Obstructive-Sleep-Apnea,Yes,7,450
Human,4,Obstructive-Sleep-Apnea,Yes,8,368
Human,4,Obstructive-Sleep-Apnea,Yes,9,353
Human,4,Obstructive-Sleep-Apnea,Yes,10,343
Human,4,Obstructive-Sleep-Apnea,Yes,>10,3949
Human,5,Obstructive-Sleep-Apnea,No,4,1
Human,5,Obstructive-Sleep-Apnea,No,5,8318
Human,5,Obstructive-Sleep-Apnea,No,6,12632
Human,5,Obstructive-Sleep-Apnea,No,7,13670
Human,5,Obstructive-Sleep-Apnea,No,8,13392
Human,5,Obstructive-Sleep-Apnea,No,9,12482
Human,5,Obstructive-Sleep-Apnea,No,10,11243
Human,5,Obstructive-Sleep-Apnea,No,>10,126757
Human,5,Obstructive-Sleep-Apnea,Yes,5,92
Human,5,Obstructive-Sleep-Apnea,Yes,6,171
Human,5,Obstructive-Sleep-Apnea,Yes,7,211
Human,5,Obstructive-Sleep-Apnea,Yes,8,222
Human,5,Obstructive-Sleep-Apnea,Yes,9,195
Human,5,Obstructive-Sleep-Apnea,Yes,10,227
Human,5,Obstructive-Sleep-Apnea,Yes,>10,4304
Human,6,Obstructive-Sleep-Apnea,No,5,1
Human,6,Obstructive-Sleep-Apnea,No,6,2193
Human,6,Obstructive-Sleep-Apnea,No,7,4182
Human,6,Obstructive-Sleep-Apnea,No,8,5817
Human,6,Obstructive-Sleep-Apnea,No,9,6813
Human,6,Obstructive-Sleep-Apnea,No,10,6895
Human,6,Obstructive-Sleep-Apnea,No,>10,142626
Human,6,Obstructive-Sleep-Apnea,Yes,6,31
Human,6,Obstructive-Sleep-Apnea,Yes,7,58
Human,6,Obstructive-Sleep-Apnea,Yes,8,74
Human,6,Obstructive-Sleep-Apnea,Yes,9,110
Human,6,Obstructive-Sleep-Apnea,Yes,10,116
Human,6,Obstructive-Sleep-Apnea,Yes,>10,4372
Human,7,Obstructive-Sleep-Apnea,No,7,413
Human,7,Obstructive-Sleep-Apnea,No,8,1263
Human,7,Obstructive-Sleep-Apnea,No,9,1922
Human,7,Obstructive-Sleep-Apnea,No,10,2582
Human,7,Obstructive-Sleep-Apnea,No,>10,140765
Human,7,Obstructive-Sleep-Apnea,Yes,7,4
Human,7,Obstructive-Sleep-Apnea,Yes,8,13
Human,7,Obstructive-Sleep-Apnea,Yes,9,29
Human,7,Obstructive-Sleep-Apnea,Yes,10,33
Human,7,Obstructive-Sleep-Apnea,Yes,>10,4103
Human,8,Obstructive-Sleep-Apnea,No,8,95
Human,8,Obstructive-Sleep-Apnea,No,9,254
Human,8,Obstructive-Sleep-Apnea,No,10,514
Human,8,Obstructive-Sleep-Apnea,No,>10,129179
Human,8,Obstructive-Sleep-Apnea,Yes,8,1
Human,8,Obstructive-Sleep-Apnea,Yes,9,4
Human,8,Obstructive-Sleep-Apnea,Yes,10,5
Human,8,Obstructive-Sleep-Apnea,Yes,>10,3542
Human,9,Obstructive-Sleep-Apnea,No,9,12
Human,9,Obstructive-Sleep-Apnea,No,10,63
Human,9,Obstructive-Sleep-Apnea,No,>10,113541
Human,9,Obstructive-Sleep-Apnea,Yes,>10,3258
Human,10,Obstructive-Sleep-Apnea,No,10,5
Human,10,Obstructive-Sleep-Apnea,No,>10,99060
Human,10,Obstructive-Sleep-Apnea,Yes,>10,2826
Human,11,Obstructive-Sleep-Apnea,No,>10,85060
Human,11,Obstructive-Sleep-Apnea,Yes,>10,2506
Human,12,Obstructive-Sleep-Apnea,No,>10,69783
Human,12,Obstructive-Sleep-Apnea,Yes,>10,2195
Human,13,Obstructive-Sleep-Apnea,No,>10,55003
Human,13,Obstructive-Sleep-Apnea,Yes,>10,1981
Human,14,Obstructive-Sleep-Apnea,No,>10,42910
Human,14,Obstructive-Sleep-Apnea,Yes,>10,1652
Human,15,Obstructive-Sleep-Apnea,No,>10,33246
Human,15,Obstructive-Sleep-Apnea,Yes,>10,1466
Human,16,Obstructive-Sleep-Apnea,No,>10,25713
Human,16,Obstructive-Sleep-Apnea,Yes,>10,1346
Human,17,Obstructive-Sleep-Apnea,No,>10,19910
Human,17,Obstructive-Sleep-Apnea,Yes,>10,1154
Human,18,Obstructive-Sleep-Apnea,No,>10,14632
Human,18,Obstructive-Sleep-Apnea,Yes,>10,837
Human,19,Obstructive-Sleep-Apnea,No,>10,11177
Human,19,Obstructive-Sleep-Apnea,Yes,>10,757
Human,20,Obstructive-Sleep-Apnea,No,>10,7816
Human,20,Obstructive-Sleep-Apnea,Yes,>10,717
Human,21,Obstructive-Sleep-Apnea,No,>10,3533
Human,21,Obstructive-Sleep-Apnea,Yes,>10,426
Human,22,Obstructive-Sleep-Apnea,No,>10,1262
Human,22,Obstructive-Sleep-Apnea,Yes,>10,218
Human,23,Obstructive-Sleep-Apnea,No,>10,329
Human,23,Obstructive-Sleep-Apnea,Yes,>10,90
Human,24,Obstructive-Sleep-Apnea,No,>10,46
Human,24,Obstructive-Sleep-Apnea,Yes,>10,20
Human,1,SARS-COV-2,No,1,87210480
Human,1,SARS-COV-2,No,2,12853897
Human,1,SARS-COV-2,No,3,4007416
Human,1,SARS-COV-2,No,4,2014805
Human,1,SARS-COV-2,No,5,1128171
Human,1,SARS-COV-2,No,6,743255
Human,1,SARS-COV-2,No,7,516901
Human,1,SARS-COV-2,No,8,386667
Human,1,SARS-COV-2,No,9,298384
Human,1,SARS-COV-2,No,10,242627
Human,1,SARS-COV-2,No,>10,2203786
Human,1,SARS-COV-2,Yes,1,5238689
Human,1,SARS-COV-2,Yes,2,847035
Human,1,SARS-COV-2,Yes,3,336797
Human,1,SARS-COV-2,Yes,4,150953
Human,1,SARS-COV-2,Yes,5,85205
Human,1,SARS-COV-2,Yes,6,56118
Human,1,SARS-COV-2,Yes,7,37332
Human,1,SARS-COV-2,Yes,8,27134
Human,1,SARS-COV-2,Yes,9,20581
Human,1,SARS-COV-2,Yes,10,16473
Human,1,SARS-COV-2,Yes,>10,152257
Human,2,SARS-COV-2,No,1,1576
Human,2,SARS-COV-2,No,2,2075559
Human,2,SARS-COV-2,No,3,1055953
Human,2,SARS-COV-2,No,4,586506
Human,2,SARS-COV-2,No,5,370514
Human,2,SARS-COV-2,No,6,248807
Human,2,SARS-COV-2,No,7,176641
Human,2,SARS-COV-2,No,8,131732
Human,2,SARS-COV-2,No,9,101655
Human,2,SARS-COV-2,No,10,80049
Human,2,SARS-COV-2,No,>10,650329
Human,2,SARS-COV-2,Yes,2,93543
Human,2,SARS-COV-2,Yes,3,57028
Human,2,SARS-COV-2,Yes,4,39434
Human,2,SARS-COV-2,Yes,5,26860
Human,2,SARS-COV-2,Yes,6,19113
Human,2,SARS-COV-2,Yes,7,13927
Human,2,SARS-COV-2,Yes,8,10509
Human,2,SARS-COV-2,Yes,9,8316
Human,2,SARS-COV-2,Yes,10,6430
Human,2,SARS-COV-2,Yes,>10,52658
Human,3,SARS-COV-2,No,1,5
Human,3,SARS-COV-2,No,2,327
Human,3,SARS-COV-2,No,3,411534
Human,3,SARS-COV-2,No,4,354015
Human,3,SARS-COV-2,No,5,268187
Human,3,SARS-COV-2,No,6,203379
Human,3,SARS-COV-2,No,7,155941
Human,3,SARS-COV-2,No,8,123610
Human,3,SARS-COV-2,No,9,98377
Human,3,SARS-COV-2,No,10,79496
Human,3,SARS-COV-2,No,>10,674170
Human,3,SARS-COV-2,Yes,3,15105
Human,3,SARS-COV-2,Yes,4,14999
Human,3,SARS-COV-2,Yes,5,13202
Human,3,SARS-COV-2,Yes,6,11308
Human,3,SARS-COV-2,Yes,7,9240
Human,3,SARS-COV-2,Yes,8,7682
Human,3,SARS-COV-2,Yes,9,6509
Human,3,SARS-COV-2,Yes,10,5263
Human,3,SARS-COV-2,Yes,>10,47865
Human,4,SARS-COV-2,No,2,4
Human,4,SARS-COV-2,No,3,68
Human,4,SARS-COV-2,No,4,93874
Human,4,SARS-COV-2,No,5,116954
Human,4,SARS-COV-2,No,6,113150
Human,4,SARS-COV-2,No,7,100376
Human,4,SARS-COV-2,No,8,87956
Human,4,SARS-COV-2,No,9,76447
Human,4,SARS-COV-2,No,10,65804
Human,4,SARS-COV-2,No,>10,683143
Human,4,SARS-COV-2,Yes,4,2890
Human,4,SARS-COV-2,Yes,5,4056
Human,4,SARS-COV-2,Yes,6,4336
Human,4,SARS-COV-2,Yes,7,4371
Human,4,SARS-COV-2,Yes,8,4061
Human,4,SARS-COV-2,Yes,9,3726
Human,4,SARS-COV-2,Yes,10,3402
Human,4,SARS-COV-2,Yes,>10,41900
Human,5,SARS-COV-2,No,4,5
Human,5,SARS-COV-2,No,5,21091
Human,5,SARS-COV-2,No,6,35480
Human,5,SARS-COV-2,No,7,42193
Human,5,SARS-COV-2,No,8,44008
Human,5,SARS-COV-2,No,9,43078
Human,5,SARS-COV-2,No,10,40751
Human,5,SARS-COV-2,No,>10,612137
Human,5,SARS-COV-2,Yes,5,533
Human,5,SARS-COV-2,Yes,6,1024
Human,5,SARS-COV-2,Yes,7,1304
Human,5,SARS-COV-2,Yes,8,1412
Human,5,SARS-COV-2,Yes,9,1563
Human,5,SARS-COV-2,Yes,10,1538
Human,5,SARS-COV-2,Yes,>10,33084
Human,6,SARS-COV-2,No,5,3
Human,6,SARS-COV-2,No,6,4427
Human,6,SARS-COV-2,No,7,9345
Human,6,SARS-COV-2,No,8,13414
Human,6,SARS-COV-2,No,9,16378
Human,6,SARS-COV-2,No,10,17663
Human,6,SARS-COV-2,No,>10,490307
Human,6,SARS-COV-2,Yes,6,108
Human,6,SARS-COV-2,Yes,7,214
Human,6,SARS-COV-2,Yes,8,333
Human,6,SARS-COV-2,Yes,9,416
Human,6,SARS-COV-2,Yes,10,506
Human,6,SARS-COV-2,Yes,>10,23616
Human,7,SARS-COV-2,No,7,798
Human,7,SARS-COV-2,No,8,2262
Human,7,SARS-COV-2,No,9,3685
Human,7,SARS-COV-2,No,10,5130
Human,7,SARS-COV-2,No,>10,366872
Human,7,SARS-COV-2,Yes,7,13
Human,7,SARS-COV-2,Yes,8,49
Human,7,SARS-COV-2,Yes,9,78
Human,7,SARS-COV-2,Yes,10,111
Human,7,SARS-COV-2,Yes,>10,16297
Human,8,SARS-COV-2,No,8,150
Human,8,SARS-COV-2,No,9,447
Human,8,SARS-COV-2,No,10,876
Human,8,SARS-COV-2,No,>10,270718
Human,8,SARS-COV-2,Yes,8,1
Human,8,SARS-COV-2,Yes,9,12
Human,8,SARS-COV-2,Yes,10,12
Human,8,SARS-COV-2,Yes,>10,11081
Human,9,SARS-COV-2,No,9,18
Human,9,SARS-COV-2,No,10,76
Human,9,SARS-COV-2,No,>10,200113
Human,9,SARS-COV-2,Yes,>10,8004
Human,10,SARS-COV-2,No,10,5
Human,10,SARS-COV-2,No,>10,149643
Human,10,SARS-COV-2,Yes,>10,5769
Human,11,SARS-COV-2,No,>10,113601
Human,11,SARS-COV-2,Yes,>10,4258
Human,12,SARS-COV-2,No,>10,85398
Human,12,SARS-COV-2,Yes,>10,3211
Human,13,SARS-COV-2,No,>10,63340
Human,13,SARS-COV-2,Yes,>10,2526
Human,14,SARS-COV-2,No,>10,47182
Human,14,SARS-COV-2,Yes,>10,1968
Human,15,SARS-COV-2,No,>10,35305
Human,15,SARS-COV-2,Yes,>10,1628
Human,16,SARS-COV-2,No,>10,26576
Human,16,SARS-COV-2,Yes,>10,1422
Human,17,SARS-COV-2,No,>10,20286
Human,17,SARS-COV-2,Yes,>10,1183
Human,18,SARS-COV-2,No,>10,14731
Human,18,SARS-COV-2,Yes,>10,845
Human,19,SARS-COV-2,No,>10,11206
Human,19,SARS-COV-2,Yes,>10,757
Human,20,SARS-COV-2,No,>10,7818
Human,20,SARS-COV-2,Yes,>10,717
Human,21,SARS-COV-2,No,>10,3533
Human,21,SARS-COV-2,Yes,>10,426
Human,22,SARS-COV-2,No,>10,1262
Human,22,SARS-COV-2,Yes,>10,218
Human,23,SARS-COV-2,No,>10,329
Human,23,SARS-COV-2,Yes,>10,90
Human,24,SARS-COV-2,No,>10,46
Human,24,SARS-COV-2,Yes,>10,20
Human,1,SLE,No,1,7856426
Human,1,SLE,No,2,821692
Human,1,SLE,No,3,356269
Human,1,SLE,No,4,211688
Human,1,SLE,No,5,142751
Human,1,SLE,No,6,103827
Human,1,SLE,No,7,78101
Human,1,SLE,No,8,61271
Human,1,SLE,No,9,50067
Human,1,SLE,No,10,41187
Human,1,SLE,No,>10,394934
Human,1,SLE,Yes,1,125340
Human,1,SLE,Yes,2,19408
Human,1,SLE,Yes,3,10214
Human,1,SLE,Yes,4,6688
Human,1,SLE,Yes,5,4558
Human,1,SLE,Yes,6,3512
Human,1,SLE,Yes,7,2632
Human,1,SLE,Yes,8,2179
Human,1,SLE,Yes,9,1749
Human,1,SLE,Yes,10,1514
Human,1,SLE,Yes,>10,16483
Human,2,SLE,No,1,12
Human,2,SLE,No,2,318711
Human,2,SLE,No,3,124343
Human,2,SLE,No,4,65588
Human,2,SLE,No,5,42506
Human,2,SLE,No,6,29121
Human,2,SLE,No,7,21746
Human,2,SLE,No,8,16520
Human,2,SLE,No,9,13245
Human,2,SLE,No,10,10751
Human,2,SLE,No,>10,99271
Human,2,SLE,Yes,2,7655
Human,2,SLE,Yes,3,3746
Human,2,SLE,Yes,4,2317
Human,2,SLE,Yes,5,1633
Human,2,SLE,Yes,6,1213
Human,2,SLE,Yes,7,928
Human,2,SLE,Yes,8,698
Human,2,SLE,Yes,9,590
Human,2,SLE,Yes,10,460
Human,2,SLE,Yes,>10,4921
Human,3,SLE,No,2,13
Human,3,SLE,No,3,85586
Human,3,SLE,No,4,62600
Human,3,SLE,No,5,43653
Human,3,SLE,No,6,32182
Human,3,SLE,No,7,24688
Human,3,SLE,No,8,19212
Human,3,SLE,No,9,15356
Human,3,SLE,No,10,12480
Human,3,SLE,No,>10,114617
Human,3,SLE,Yes,3,1874
Human,3,SLE,Yes,4,1603
Human,3,SLE,Yes,5,1323
Human,3,SLE,Yes,6,1037
Human,3,SLE,Yes,7,901
Human,3,SLE,Yes,8,720
Human,3,SLE,Yes,9,647
Human,3,SLE,Yes,10,465
Human,3,SLE,Yes,>10,5076
Human,4,SLE,No,3,7
Human,4,SLE,No,4,24850
Human,4,SLE,No,5,28566
Human,4,SLE,No,6,25788
Human,4,SLE,No,7,22123
Human,4,SLE,No,8,18946
Human,4,SLE,No,9,16205
Human,4,SLE,No,10,13859
Human,4,SLE,No,>10,145338
Human,4,SLE,Yes,4,486
Human,4,SLE,Yes,5,661
Human,4,SLE,Yes,6,633
Human,4,SLE,Yes,7,649
Human,4,SLE,Yes,8,572
Human,4,SLE,Yes,9,490
Human,4,SLE,Yes,10,470
Human,4,SLE,Yes,>10,5949
Human,5,SLE,No,4,2
Human,5,SLE,No,5,6917
Human,5,SLE,No,6,10868
Human,5,SLE,No,7,12291
Human,5,SLE,No,8,12460
Human,5,SLE,No,9,12150
Human,5,SLE,No,10,11208
Human,5,SLE,No,>10,169821
Human,5,SLE,Yes,5,113
Human,5,SLE,Yes,6,205
Human,5,SLE,Yes,7,276
Human,5,SLE,Yes,8,283
Human,5,SLE,Yes,9,308
Human,5,SLE,Yes,10,313
Human,5,SLE,Yes,>10,6481
Human,6,SLE,No,5,1
Human,6,SLE,No,6,1727
Human,6,SLE,No,7,3464
Human,6,SLE,No,8,4862
Human,6,SLE,No,9,5715
Human,6,SLE,No,10,6096
Human,6,SLE,No,>10,172148
Human,6,SLE,Yes,6,28
Human,6,SLE,Yes,7,58
Human,6,SLE,Yes,8,94
Human,6,SLE,Yes,9,106
Human,6,SLE,Yes,10,114
Human,6,SLE,Yes,>10,5950
Human,7,SLE,No,7,343
Human,7,SLE,No,8,994
Human,7,SLE,No,9,1615
Human,7,SLE,No,10,2214
Human,7,SLE,No,>10,157915
Human,7,SLE,Yes,8,16
Human,7,SLE,Yes,9,26
Human,7,SLE,Yes,10,34
Human,7,SLE,Yes,>10,5303
Human,8,SLE,No,8,70
Human,8,SLE,No,9,225
Human,8,SLE,No,10,458
Human,8,SLE,No,>10,138106
Human,8,SLE,Yes,9,5
Human,8,SLE,Yes,10,3
Human,8,SLE,Yes,>10,4387
Human,9,SLE,No,9,5
Human,9,SLE,No,10,43
Human,9,SLE,No,>10,119016
Human,9,SLE,Yes,>10,3874
Human,10,SLE,No,10,1
Human,10,SLE,No,>10,100873
Human,10,SLE,Yes,>10,3288
Human,11,SLE,No,>10,85694
Human,11,SLE,Yes,>10,2784
Human,12,SLE,No,>10,70426
Human,12,SLE,Yes,>10,2358
Human,13,SLE,No,>10,55369
Human,13,SLE,Yes,>10,2064
Human,14,SLE,No,>10,42590
Human,14,SLE,Yes,>10,1721
Human,15,SLE,No,>10,33403
Human,15,SLE,Yes,>10,1495
Human,16,SLE,No,>10,25668
Human,16,SLE,Yes,>10,1362
Human,17,SLE,No,>10,19841
Human,17,SLE,Yes,>10,1163
Human,18,SLE,No,>10,14508
Human,18,SLE,Yes,>10,834
Human,19,SLE,No,>10,11085
Human,19,SLE,Yes,>10,755
Human,20,SLE,No,>10,7774
Human,20,SLE,Yes,>10,713
Human,21,SLE,No,>10,3521
Human,21,SLE,Yes,>10,425
Human,22,SLE,No,>10,1260
Human,22,SLE,Yes,>10,218
Human,23,SLE,No,>10,329
Human,23,SLE,Yes,>10,90
Human,24,SLE,No,>10,46
Human,24,SLE,Yes,>10,20
Human,1,Tonsillitis,No,1,8917596
Human,1,Tonsillitis,No,2,610793
Human,1,Tonsillitis,No,3,246178
Human,1,Tonsillitis,No,4,151455
Human,1,Tonsillitis,No,5,107019
Human,1,Tonsillitis,No,6,81221
Human,1,Tonsillitis,No,7,63936
Human,1,Tonsillitis,No,8,51088
Human,1,Tonsillitis,No,9,42396
Human,1,Tonsillitis,No,10,35291
Human,1,Tonsillitis,No,>10,294966
Human,1,Tonsillitis,Yes,1,231830
Human,1,Tonsillitis,Yes,2,23610
Human,1,Tonsillitis,Yes,3,10123
Human,1,Tonsillitis,Yes,4,6316
Human,1,Tonsillitis,Yes,5,4453
Human,1,Tonsillitis,Yes,6,3567
Human,1,Tonsillitis,Yes,7,2938
Human,1,Tonsillitis,Yes,8,2493
Human,1,Tonsillitis,Yes,9,2102
Human,1,Tonsillitis,Yes,10,1773
Human,1,Tonsillitis,Yes,>10,17242
Human,2,Tonsillitis,No,1,1046
Human,2,Tonsillitis,No,2,430847
Human,2,Tonsillitis,No,3,141430
Human,2,Tonsillitis,No,4,66777
Human,2,Tonsillitis,No,5,39652
Human,2,Tonsillitis,No,6,26815
Human,2,Tonsillitis,No,7,19933
Human,2,Tonsillitis,No,8,15490
Human,2,Tonsillitis,No,9,12959
Human,2,Tonsillitis,No,10,10382
Human,2,Tonsillitis,No,>10,106762
Human,2,Tonsillitis,Yes,1,18
Human,2,Tonsillitis,Yes,2,11762
Human,2,Tonsillitis,Yes,3,4764
Human,2,Tonsillitis,Yes,4,2714
Human,2,Tonsillitis,Yes,5,1840
Human,2,Tonsillitis,Yes,6,1256
Human,2,Tonsillitis,Yes,7,1036
Human,2,Tonsillitis,Yes,8,796
Human,2,Tonsillitis,Yes,9,678
Human,2,Tonsillitis,Yes,10,570
Human,2,Tonsillitis,Yes,>10,6325
Human,3,Tonsillitis,No,1,8
Human,3,Tonsillitis,No,2,78
Human,3,Tonsillitis,No,3,124706
Human,3,Tonsillitis,No,4,83329
Human,3,Tonsillitis,No,5,54604
Human,3,Tonsillitis,No,6,37690
Human,3,Tonsillitis,No,7,27363
Human,3,Tonsillitis,No,8,20885
Human,3,Tonsillitis,No,9,16018
Human,3,Tonsillitis,No,10,12781
Human,3,Tonsillitis,No,>10,111900
Human,3,Tonsillitis,Yes,2,2
Human,3,Tonsillitis,Yes,3,2911
Human,3,Tonsillitis,Yes,4,2225
Human,3,Tonsillitis,Yes,5,1680
Human,3,Tonsillitis,Yes,6,1329
Human,3,Tonsillitis,Yes,7,969
Human,3,Tonsillitis,Yes,8,817
Human,3,Tonsillitis,Yes,9,711
Human,3,Tonsillitis,Yes,10,546
Human,3,Tonsillitis,Yes,>10,5851
Human,4,Tonsillitis,No,3,12
Human,4,Tonsillitis,No,4,38042
Human,4,Tonsillitis,No,5,40760
Human,4,Tonsillitis,No,6,35544
Human,4,Tonsillitis,No,7,29180
Human,4,Tonsillitis,No,8,23905
Human,4,Tonsillitis,No,9,19523
Human,4,Tonsillitis,No,10,16559
Human,4,Tonsillitis,No,>10,146913
Human,4,Tonsillitis,Yes,4,698
Human,4,Tonsillitis,Yes,5,916
Human,4,Tonsillitis,Yes,6,862
Human,4,Tonsillitis,Yes,7,799
Human,4,Tonsillitis,Yes,8,698
Human,4,Tonsillitis,Yes,9,680
Human,4,Tonsillitis,Yes,10,556
Human,4,Tonsillitis,Yes,>10,6725
Human,5,Tonsillitis,No,4,2
Human,5,Tonsillitis,No,5,10716
Human,5,Tonsillitis,No,6,16445
Human,5,Tonsillitis,No,7,18236
Human,5,Tonsillitis,No,8,18271
Human,5,Tonsillitis,No,9,17015
Human,5,Tonsillitis,No,10,15461
Human,5,Tonsillitis,No,>10,184209
Human,5,Tonsillitis,Yes,5,157
Human,5,Tonsillitis,Yes,6,323
Human,5,Tonsillitis,Yes,7,363
Human,5,Tonsillitis,Yes,8,419
Human,5,Tonsillitis,Yes,9,379
Human,5,Tonsillitis,Yes,10,391
Human,5,Tonsillitis,Yes,>10,7258
Human,6,Tonsillitis,No,5,1
Human,6,Tonsillitis,No,6,2627
Human,6,Tonsillitis,No,7,5307
Human,6,Tonsillitis,No,8,7457
Human,6,Tonsillitis,No,9,8739
Human,6,Tonsillitis,No,10,9209
Human,6,Tonsillitis,No,>10,201154
Human,6,Tonsillitis,Yes,6,41
Human,6,Tonsillitis,Yes,7,80
Human,6,Tonsillitis,Yes,8,124
Human,6,Tonsillitis,Yes,9,134
Human,6,Tonsillitis,Yes,10,198
Human,6,Tonsillitis,Yes,>10,7005
Human,7,Tonsillitis,No,7,566
Human,7,Tonsillitis,No,8,1488
Human,7,Tonsillitis,No,9,2391
Human,7,Tonsillitis,No,10,3257
Human,7,Tonsillitis,No,>10,191830
Human,7,Tonsillitis,Yes,7,9
Human,7,Tonsillitis,Yes,8,26
Human,7,Tonsillitis,Yes,9,41
Human,7,Tonsillitis,Yes,10,49
Human,7,Tonsillitis,Yes,>10,6265
Human,8,Tonsillitis,No,8,113
Human,8,Tonsillitis,No,9,303
Human,8,Tonsillitis,No,10,636
Human,8,Tonsillitis,No,>10,169803
Human,8,Tonsillitis,Yes,8,1
Human,8,Tonsillitis,Yes,9,6
Human,8,Tonsillitis,Yes,10,5
Human,8,Tonsillitis,Yes,>10,5229
Human,9,Tonsillitis,No,9,14
Human,9,Tonsillitis,No,10,58
Human,9,Tonsillitis,No,>10,143855
Human,9,Tonsillitis,Yes,>10,4592
Human,10,Tonsillitis,No,10,5
Human,10,Tonsillitis,No,>10,119683
Human,10,Tonsillitis,Yes,>10,3774
Human,11,Tonsillitis,No,>10,98256
Human,11,Tonsillitis,Yes,>10,3182
Human,12,Tonsillitis,No,>10,78210
Human,12,Tonsillitis,Yes,>10,2632
Human,13,Tonsillitis,No,>10,60042
Human,13,Tonsillitis,Yes,>10,2227
Human,14,Tonsillitis,No,>10,45548
Human,14,Tonsillitis,Yes,>10,1823
Human,15,Tonsillitis,No,>10,34622
Human,15,Tonsillitis,Yes,>10,1576
Human,16,Tonsillitis,No,>10,26328
Human,16,Tonsillitis,Yes,>10,1409
Human,17,Tonsillitis,No,>10,20210
Human,17,Tonsillitis,Yes,>10,1173
Human,18,Tonsillitis,No,>10,14704
Human,18,Tonsillitis,Yes,>10,843
Human,19,Tonsillitis,No,>10,11199
Human,19,Tonsillitis,Yes,>10,757
Human,20,Tonsillitis,No,>10,7818
Human,20,Tonsillitis,Yes,>10,717
Human,21,Tonsillitis,No,>10,3533
Human,21,Tonsillitis,Yes,>10,426
Human,22,Tonsillitis,No,>10,1262
Human,22,Tonsillitis,Yes,>10,218
Human,23,Tonsillitis,No,>10,329
Human,23,Tonsillitis,Yes,>10,90
Human,24,Tonsillitis,No,>10,46
Human,24,Tonsillitis,Yes,>10,20
Human,1,Tonsillitis/Obstructive-Sleep-Apnea,No,1,4638237
Human,1,Tonsillitis/Obstructive-Sleep-Apnea,No,2,273793
Human,1,Tonsillitis/Obstructive-Sleep-Apnea,No,3,102750
Human,1,Tonsillitis/Obstructive-Sleep-Apnea,No,4,63090
Human,1,Tonsillitis/Obstructive-Sleep-Apnea,No,5,45781
Human,1,Tonsillitis/Obstructive-Sleep-Apnea,No,6,34493
Human,1,Tonsillitis/Obstructive-Sleep-Apnea,No,7,27797
Human,1,Tonsillitis/Obstructive-Sleep-Apnea,No,8,22286
Human,1,Tonsillitis/Obstructive-Sleep-Apnea,No,9,18996
Human,1,Tonsillitis/Obstructive-Sleep-Apnea,No,10,16075
Human,1,Tonsillitis/Obstructive-Sleep-Apnea,No,>10,145689
Human,1,Tonsillitis/Obstructive-Sleep-Apnea,Yes,1,122215
Human,1,Tonsillitis/Obstructive-Sleep-Apnea,Yes,2,10937
Human,1,Tonsillitis/Obstructive-Sleep-Apnea,Yes,3,4807
Human,1,Tonsillitis/Obstructive-Sleep-Apnea,Yes,4,3085
Human,1,Tonsillitis/Obstructive-Sleep-Apnea,Yes,5,2463
Human,1,Tonsillitis/Obstructive-Sleep-Apnea,Yes,6,1798
Human,1,Tonsillitis/Obstructive-Sleep-Apnea,Yes,7,1436
Human,1,Tonsillitis/Obstructive-Sleep-Apnea,Yes,8,1246
Human,1,Tonsillitis/Obstructive-Sleep-Apnea,Yes,9,999
Human,1,Tonsillitis/Obstructive-Sleep-Apnea,Yes,10,857
Human,1,Tonsillitis/Obstructive-Sleep-Apnea,Yes,>10,9238
Human,2,Tonsillitis/Obstructive-Sleep-Apnea,No,1,1003
Human,2,Tonsillitis/Obstructive-Sleep-Apnea,No,2,243491
Human,2,Tonsillitis/Obstructive-Sleep-Apnea,No,3,75049
Human,2,Tonsillitis/Obstructive-Sleep-Apnea,No,4,33485
Human,2,Tonsillitis/Obstructive-Sleep-Apnea,No,5,19812
Human,2,Tonsillitis/Obstructive-Sleep-Apnea,No,6,13152
Human,2,Tonsillitis/Obstructive-Sleep-Apnea,No,7,9649
Human,2,Tonsillitis/Obstructive-Sleep-Apnea,No,8,7602
Human,2,Tonsillitis/Obstructive-Sleep-Apnea,No,9,6291
Human,2,Tonsillitis/Obstructive-Sleep-Apnea,No,10,5223
Human,2,Tonsillitis/Obstructive-Sleep-Apnea,No,>10,59968
Human,2,Tonsillitis/Obstructive-Sleep-Apnea,Yes,1,24
Human,2,Tonsillitis/Obstructive-Sleep-Apnea,Yes,2,6507
Human,2,Tonsillitis/Obstructive-Sleep-Apnea,Yes,3,2544
Human,2,Tonsillitis/Obstructive-Sleep-Apnea,Yes,4,1460
Human,2,Tonsillitis/Obstructive-Sleep-Apnea,Yes,5,979
Human,2,Tonsillitis/Obstructive-Sleep-Apnea,Yes,6,728
Human,2,Tonsillitis/Obstructive-Sleep-Apnea,Yes,7,566
Human,2,Tonsillitis/Obstructive-Sleep-Apnea,Yes,8,439
Human,2,Tonsillitis/Obstructive-Sleep-Apnea,Yes,9,314
Human,2,Tonsillitis/Obstructive-Sleep-Apnea,Yes,10,332
Human,2,Tonsillitis/Obstructive-Sleep-Apnea,Yes,>10,3859
Human,3,Tonsillitis/Obstructive-Sleep-Apnea,No,1,8
Human,3,Tonsillitis/Obstructive-Sleep-Apnea,No,2,80
Human,3,Tonsillitis/Obstructive-Sleep-Apnea,No,3,74879
Human,3,Tonsillitis/Obstructive-Sleep-Apnea,No,4,48026
Human,3,Tonsillitis/Obstructive-Sleep-Apnea,No,5,30119
Human,3,Tonsillitis/Obstructive-Sleep-Apnea,No,6,20250
Human,3,Tonsillitis/Obstructive-Sleep-Apnea,No,7,14256
Human,3,Tonsillitis/Obstructive-Sleep-Apnea,No,8,10656
Human,3,Tonsillitis/Obstructive-Sleep-Apnea,No,9,8268
Human,3,Tonsillitis/Obstructive-Sleep-Apnea,No,10,6657
Human,3,Tonsillitis/Obstructive-Sleep-Apnea,No,>10,59118
Human,3,Tonsillitis/Obstructive-Sleep-Apnea,Yes,2,2
Human,3,Tonsillitis/Obstructive-Sleep-Apnea,Yes,3,1616
Human,3,Tonsillitis/Obstructive-Sleep-Apnea,Yes,4,1198
Human,3,Tonsillitis/Obstructive-Sleep-Apnea,Yes,5,872
Human,3,Tonsillitis/Obstructive-Sleep-Apnea,Yes,6,692
Human,3,Tonsillitis/Obstructive-Sleep-Apnea,Yes,7,570
Human,3,Tonsillitis/Obstructive-Sleep-Apnea,Yes,8,441
Human,3,Tonsillitis/Obstructive-Sleep-Apnea,Yes,9,418
Human,3,Tonsillitis/Obstructive-Sleep-Apnea,Yes,10,277
Human,3,Tonsillitis/Obstructive-Sleep-Apnea,Yes,>10,3181
Human,4,Tonsillitis/Obstructive-Sleep-Apnea,No,3,11
Human,4,Tonsillitis/Obstructive-Sleep-Apnea,No,4,23944
Human,4,Tonsillitis/Obstructive-Sleep-Apnea,No,5,24541
Human,4,Tonsillitis/Obstructive-Sleep-Apnea,No,6,21031
Human,4,Tonsillitis/Obstructive-Sleep-Apnea,No,7,16728
Human,4,Tonsillitis/Obstructive-Sleep-Apnea,No,8,13345
Human,4,Tonsillitis/Obstructive-Sleep-Apnea,No,9,10794
Human,4,Tonsillitis/Obstructive-Sleep-Apnea,No,10,9024
Human,4,Tonsillitis/Obstructive-Sleep-Apnea,No,>10,77377
Human,4,Tonsillitis/Obstructive-Sleep-Apnea,Yes,4,407
Human,4,Tonsillitis/Obstructive-Sleep-Apnea,Yes,5,510
Human,4,Tonsillitis/Obstructive-Sleep-Apnea,Yes,6,506
Human,4,Tonsillitis/Obstructive-Sleep-Apnea,Yes,7,445
Human,4,Tonsillitis/Obstructive-Sleep-Apnea,Yes,8,400
Human,4,Tonsillitis/Obstructive-Sleep-Apnea,Yes,9,330
Human,4,Tonsillitis/Obstructive-Sleep-Apnea,Yes,10,280
Human,4,Tonsillitis/Obstructive-Sleep-Apnea,Yes,>10,3546
Human,5,Tonsillitis/Obstructive-Sleep-Apnea,No,4,5
Human,5,Tonsillitis/Obstructive-Sleep-Apnea,No,5,7107
Human,5,Tonsillitis/Obstructive-Sleep-Apnea,No,6,10796
Human,5,Tonsillitis/Obstructive-Sleep-Apnea,No,7,11555
Human,5,Tonsillitis/Obstructive-Sleep-Apnea,No,8,11351
Human,5,Tonsillitis/Obstructive-Sleep-Apnea,No,9,10356
Human,5,Tonsillitis/Obstructive-Sleep-Apnea,No,10,9272
Human,5,Tonsillitis/Obstructive-Sleep-Apnea,No,>10,101190
Human,5,Tonsillitis/Obstructive-Sleep-Apnea,Yes,5,111
Human,5,Tonsillitis/Obstructive-Sleep-Apnea,Yes,6,192
Human,5,Tonsillitis/Obstructive-Sleep-Apnea,Yes,7,215
Human,5,Tonsillitis/Obstructive-Sleep-Apnea,Yes,8,252
Human,5,Tonsillitis/Obstructive-Sleep-Apnea,Yes,9,234
Human,5,Tonsillitis/Obstructive-Sleep-Apnea,Yes,10,227
Human,5,Tonsillitis/Obstructive-Sleep-Apnea,Yes,>10,3973
Human,6,Tonsillitis/Obstructive-Sleep-Apnea,No,5,1
Human,6,Tonsillitis/Obstructive-Sleep-Apnea,No,6,1880
Human,6,Tonsillitis/Obstructive-Sleep-Apnea,No,7,3706
Human,6,Tonsillitis/Obstructive-Sleep-Apnea,No,8,4913
Human,6,Tonsillitis/Obstructive-Sleep-Apnea,No,9,5680
Human,6,Tonsillitis/Obstructive-Sleep-Apnea,No,10,5929
Human,6,Tonsillitis/Obstructive-Sleep-Apnea,No,>10,116577
Human,6,Tonsillitis/Obstructive-Sleep-Apnea,Yes,6,22
Human,6,Tonsillitis/Obstructive-Sleep-Apnea,Yes,7,58
Human,6,Tonsillitis/Obstructive-Sleep-Apnea,Yes,8,88
Human,6,Tonsillitis/Obstructive-Sleep-Apnea,Yes,9,89
Human,6,Tonsillitis/Obstructive-Sleep-Apnea,Yes,10,108
Human,6,Tonsillitis/Obstructive-Sleep-Apnea,Yes,>10,3853
Human,7,Tonsillitis/Obstructive-Sleep-Apnea,No,7,437
Human,7,Tonsillitis/Obstructive-Sleep-Apnea,No,8,1144
Human,7,Tonsillitis/Obstructive-Sleep-Apnea,No,9,1771
Human,7,Tonsillitis/Obstructive-Sleep-Apnea,No,10,2334
Human,7,Tonsillitis/Obstructive-Sleep-Apnea,No,>10,117509
Human,7,Tonsillitis/Obstructive-Sleep-Apnea,Yes,7,7
Human,7,Tonsillitis/Obstructive-Sleep-Apnea,Yes,8,17
Human,7,Tonsillitis/Obstructive-Sleep-Apnea,Yes,9,26
Human,7,Tonsillitis/Obstructive-Sleep-Apnea,Yes,10,33
Human,7,Tonsillitis/Obstructive-Sleep-Apnea,Yes,>10,3593
Human,8,Tonsillitis/Obstructive-Sleep-Apnea,No,8,101
Human,8,Tonsillitis/Obstructive-Sleep-Apnea,No,9,235
Human,8,Tonsillitis/Obstructive-Sleep-Apnea,No,10,484
Human,8,Tonsillitis/Obstructive-Sleep-Apnea,No,>10,110076
Human,8,Tonsillitis/Obstructive-Sleep-Apnea,Yes,8,1
Human,8,Tonsillitis/Obstructive-Sleep-Apnea,Yes,9,3
Human,8,Tonsillitis/Obstructive-Sleep-Apnea,Yes,10,4
Human,8,Tonsillitis/Obstructive-Sleep-Apnea,Yes,>10,3182
Human,9,Tonsillitis/Obstructive-Sleep-Apnea,No,9,9
Human,9,Tonsillitis/Obstructive-Sleep-Apnea,No,10,42
Human,9,Tonsillitis/Obstructive-Sleep-Apnea,No,>10,99070
Human,9,Tonsillitis/Obstructive-Sleep-Apnea,Yes,>10,2901
Human,10,Tonsillitis/Obstructive-Sleep-Apnea,No,10,4
Human,10,Tonsillitis/Obstructive-Sleep-Apnea,No,>10,87936
Human,10,Tonsillitis/Obstructive-Sleep-Apnea,Yes,>10,2458
Human,11,Tonsillitis/Obstructive-Sleep-Apnea,No,>10,76818
Human,11,Tonsillitis/Obstructive-Sleep-Apnea,Yes,>10,2235
Human,12,Tonsillitis/Obstructive-Sleep-Apnea,No,>10,64206
Human,12,Tonsillitis/Obstructive-Sleep-Apnea,Yes,>10,2040
Human,13,Tonsillitis/Obstructive-Sleep-Apnea,No,>10,51268
Human,13,Tonsillitis/Obstructive-Sleep-Apnea,Yes,>10,1733
Human,14,Tonsillitis/Obstructive-Sleep-Apnea,No,>10,40613
Human,14,Tonsillitis/Obstructive-Sleep-Apnea,Yes,>10,1537
Human,15,Tonsillitis/Obstructive-Sleep-Apnea,No,>10,31908
Human,15,Tonsillitis/Obstructive-Sleep-Apnea,Yes,>10,1384
Human,16,Tonsillitis/Obstructive-Sleep-Apnea,No,>10,24947
Human,16,Tonsillitis/Obstructive-Sleep-Apnea,Yes,>10,1330
Human,17,Tonsillitis/Obstructive-Sleep-Apnea,No,>10,19595
Human,17,Tonsillitis/Obstructive-Sleep-Apnea,Yes,>10,1129
Human,18,Tonsillitis/Obstructive-Sleep-Apnea,No,>10,14470
Human,18,Tonsillitis/Obstructive-Sleep-Apnea,Yes,>10,829
Human,19,Tonsillitis/Obstructive-Sleep-Apnea,No,>10,11136
Human,19,Tonsillitis/Obstructive-Sleep-Apnea,Yes,>10,750
Human,20,Tonsillitis/Obstructive-Sleep-Apnea,No,>10,7807
Human,20,Tonsillitis/Obstructive-Sleep-Apnea,Yes,>10,716
Human,21,Tonsillitis/Obstructive-Sleep-Apnea,No,>10,3531
Human,21,Tonsillitis/Obstructive-Sleep-Apnea,Yes,>10,426
Human,22,Tonsillitis/Obstructive-Sleep-Apnea,No,>10,1261
Human,22,Tonsillitis/Obstructive-Sleep-Apnea,Yes,>10,218
Human,23,Tonsillitis/Obstructive-Sleep-Apnea,No,>10,329
Human,23,Tonsillitis/Obstructive-Sleep-Apnea,Yes,>10,90
Human,24,Tonsillitis/Obstructive-Sleep-Apnea,No,>10,46
Human,24,Tonsillitis/Obstructive-Sleep-Apnea,Yes,>10,20
